EntrezGene.ID,HGNC.symbol,MGI.ID,MGI.synonyms,MGI.symbol,uniqueEntrez2Non
100,ADA,MGI:87916,ADA,ADA,172
10005,ACOT8,MGI:2158201,ACOT8,ACOT8,1731
10007,GNPDA1,MGI:1347054,GNPDA1,GNPDA1,837
100137049,PLA2G4B,MGI:2384819;MGI:5547778,PLA2G4B;GM28042,PLA2G4B,1652
10020,GNE,MGI:1354951,GNE,GNE,310
10026,PIGK,MGI:1913863,PIGK,PIGK,1071
100287639,N/A,N/A,N/A,N/A,1290
10050,SLC17A4,MGI:2442850,SLC17A4,SLC17A4,1640
100507855,N/A,N/A,N/A,N/A,1997
100526794,NT5C1B-RDH14,MGI:1918131,NT5C1B,NT5C1B,1976
10057,ABCC5,MGI:1351644,ABCC5,ABCC5,484
10060,ABCC9,MGI:1352630,ABCC9,ABCC9,2035
10087,COL4A3BP,MGI:1915268,COL4A3BP,COL4A3BP,511
10090,UST,MGI:2442406,UST,UST,1789
10135,NAMPT,MGI:1929865,NAMPT,NAMPT,1393
10157,AASS,MGI:1353573,AASS,AASS,1819
10164,CHST4,MGI:1349479,CHST4,CHST4,1809
10165,SLC25A13,MGI:1354721,SLC25A13,SLC25A13,66
10166,N/A,N/A,N/A,N/A,340
10195,ALG3,MGI:1098592,ALG3,ALG3,711
10201,NME6,MGI:1861676,NME6,NME6,1378
10229,COQ7,MGI:107207,COQ7,COQ7,566
10246,SLC17A2,MGI:2443098,SLC17A2,SLC17A2,1642
10249,GLYAT,MGI:2147502,GLYAT,GLYAT,2065
10257,ABCC4,MGI:2443111,ABCC4,ABCC4,483
102724197,GGT1;GGT2,MGI:95706,GGT1,GGT1,1981
102724560,CBSL,MGI:88285,CBS,CBS,1985
10312,TCIRG1,MGI:1350931,TCIRG1,TCIRG1,366
10317,B3GALT5,MGI:2136878,B3GALT5,B3GALT5,442
10327,AKR1A1,MGI:1929955,AKR1A1,AKR1A1,289
10331,B3GNT3,MGI:2152535,B3GNT3,B3GNT3,232
1036,CDO1,MGI:105925,CDO1,CDO1,610
10380,BPNT1,MGI:1338800,BPNT1,BPNT1,467
10390,CEPT1,MGI:2139793,CEPT1,CEPT1,507
10396,ATP8A1,MGI:1330848,ATP8A1,ATP8A1,1537
1040,CDS1,MGI:1921846,CDS1,CDS1,505
10400,PEMT,MGI:104535,PEMT,PEMT,1541
10402,ST3GAL6,MGI:1888707,ST3GAL6,ST3GAL6,1871
10423,CDIPT,MGI:105491,CDIPT,CDIPT,503
10449,ACAA2,MGI:1098623,ACAA2,ACAA2,116
10455,ECI2,MGI:1916373;MGI:1346064,ECI3;ECI2,ECI3,643
10476,ATP5H,MGI:1918929;MGI:3642408,ATP5H;GM10250,ATP5H,407
10478,SLC25A17,MGI:1342248,SLC25A17,SLC25A17,2010
10554,AGPAT1,MGI:1932075,AGPAT1,AGPAT1,242
10555,AGPAT2,MGI:1914762,AGPAT2,AGPAT2,236
10558,SPTLC1,MGI:1099431,SPTLC1,SPTLC1,1832
10559,SLC35A1,MGI:1345622,SLC35A1,SLC35A1,559
1056,CEL,MGI:88374,CEL,CEL,1188
10560,SLC19A2,MGI:1928761,SLC19A2,SLC19A2,1891
10568,SLC34A2,MGI:1342284,SLC34A2,SLC34A2,1645
10587,TXNRD2,MGI:1347023,TXNRD2,TXNRD2,1910
10588,MTHFS,MGI:3780550;MGI:1340032,MTHFSL;MTHFS,MTHFSL,815
10599,SLCO1B1,MGI:1351899,SLCO1B2,SLCO1B2,460
10606,PAICS,MGI:1914304,PAICS,PAICS,255
10610,ST6GALNAC2,MGI:107553,ST6GALNAC2,ST6GALNAC2,1872
10632,ATP5L,MGI:3646788;MGI:1351597,GM5426;ATP5L,GM5426,405
10654,PMVK,MGI:1915853,PMVK,PMVK,1665
10678,B3GNT2,MGI:1889505,B3GNT2,B3GNT2,226
10682,EBP,MGI:107822,EBP,EBP,739
10690,FUT9,MGI:1330859,FUT9,FUT9,826
107,ADCY1,MGI:99677,ADCY1,ADCY1,194
10720,UGT2B11,MGI:2140962;MGI:1919023;MGI:3576100;MGI:3576103;MGI:98900;MGI:2148239;MGI:2140794,UGT2B34;UGT2B1;UGT2B35;UGT2B36;UGT2B5;UGT2B37;UGT2B38,UGT2B34,1952
10723,SLC12A7,MGI:1342283,SLC12A7,SLC12A7,1165
10724,MGEA5,MGI:1932139,MGEA5,MGEA5,1968
10728,PTGES3,MGI:1929282,PTGES3,PTGES3,2097
10768,AHCYL1,MGI:2385184,AHCYL1,AHCYL1,250
10786,SLC17A3,MGI:2389216,SLC17A3,SLC17A3,1641
10797,MTHFD2,MGI:1338850,MTHFD2,MTHFD2,1292
108,ADCY2,MGI:99676,ADCY2,ADCY2,192
10840,ALDH1L1,MGI:1340024,ALDH1L1,ALDH1L1,799
10841,FTCD,MGI:1339962,FTCD,FTCD,813
10846,PDE10A,MGI:1345143,PDE10A,PDE10A,1494
10858,CYP46A1,MGI:1341877,CYP46A1,CYP46A1,1455
10861,SLC26A1,MGI:2385894,SLC26A1,SLC26A1,1428
10864,SLC22A7,MGI:1859559,SLC22A7,SLC22A7,2140
10870,HCST,MGI:1344360,HCST,HCST,1591
10873,ME3,MGI:1916679,ME3,ME3,1248
109,ADCY3,MGI:99675,ADCY3,ADCY3,189
10901,DHRS4,MGI:90169,DHRS4,DHRS4,2059
10905,MAN1A2,MGI:104676,MAN1A2,MAN1A2,1284
10919,EHMT2,MGI:2148922,EHMT2,EHMT2,1208
10935,PRDX3,MGI:88034,PRDX3,PRDX3,1019
10948,STARD3,MGI:1929618,STARD3,STARD3,540
10965,ACOT2,MGI:2159605;MGI:1349396;MGI:2159619;MGI:2384969,ACOT2;ACOT1;ACOT3;ACOT5,ACOT2,1730
10975,UQCR11,MGI:1913844,UQCR11,UQCR11,586
10991,SLC38A3,MGI:1923507,SLC38A3,SLC38A3,286
10993,SDS,MGI:98270,SDS,SDS,10
10998,SLC27A5,MGI:1347100,SLC27A5,SLC27A5,331
10999,SLC27A4,MGI:1347347,SLC27A4,SLC27A4,783
11000,SLC27A3,MGI:1347358,SLC27A3,SLC27A3,785
11001,SLC27A2,MGI:1347099,SLC27A2,SLC27A2,742
1103,CHAT,MGI:88392,CHAT,CHAT,514
11041,B4GAT1,MGI:1919680,B4GAT1,B4GAT1,227
11046,SLC35D2,MGI:1917734,SLC35D2,SLC35D2,1935
1109,AKR1C4,MGI:1933427;MGI:2145458;MGI:2145420;MGI:2151104;MGI:1351662;MGI:2653678;MGI:1924587;MGI:1351661;MGI:1918111,AKR1C6;AKR1C14;AKR1C18;AKR1C20;AKR1C13;AKR1C19;AKR1C21;AKR1C12;AKR1CL,AKR1C6,261
111,ADCY5,MGI:99673,ADCY5,ADCY5,197
11112,HIBADH,MGI:1889802,HIBADH,HIBADH,1100
11136,SLC7A9,MGI:1353656,SLC7A9,SLC7A9,325
11164,NUDT5,MGI:1858232,NUDT5,NUDT5,205
1118,CHIT1,MGI:1919134,CHIT1,CHIT1,543
11181,TREH,MGI:1926230,TREH,TREH,1914
11182,SLC2A6,MGI:2443286,SLC2A6,SLC2A6,942
11185,INMT,MGI:102963,INMT,INMT,1869
1119,CHKA,MGI:107760,CHKA,CHKA,529
112,ADCY6,MGI:87917,ADCY6,ADCY6,187
1120,CHKB,MGI:1328313,CHKB,CHKB,528
11212,PLPBP,MGI:1891207,PROSC,PROSC,267
11226,GALNT6,MGI:1891640,GALNT6,GALNT6,865
11227,GALNT5,MGI:2179403,GALNT5,GALNT5,867
11238,CA5B,MGI:1926249,CAR5B,CAR5B,1052
112483,SAT2,MGI:1916465,SAT2,SAT2,1737
11253,MAN1B1,MGI:2684954,MAN1B1,MAN1B1,1231
11254,SLC6A14,MGI:1890216,SLC6A14,SLC6A14,275
112611,RWDD2A,MGI:1916769,RWDD2A,RWDD2A,168
112724,RDH13,MGI:1918732,RDH13,RDH13,1752
11282,MGAT4B,MGI:2143974,MGAT4B,MGAT4B,1221
11283,CYP4F8,MGI:2146921;MGI:1919304;MGI:3645508;MGI:1927669,CYP4F15;CYP4F18;CYP4F40;CYP4F14,CYP4F15,1180
11285,B4GALT7,MGI:2384987,B4GALT7,B4GALT7,881
113,ADCY7,MGI:102891,ADCY7,ADCY7,193
113026,PLCD3,MGI:107451,PLCD3,PLCD3,1599
11309,SLCO2B1,MGI:1351872,SLCO2B1,SLCO2B1,668
113189,N/A,N/A,N/A,N/A,1800
11320,MGAT4A,MGI:2662992,MGAT4A,MGAT4A,1220
113235,SLC46A1,MGI:1098733,SLC46A1,SLC46A1,1570
113278,SLC52A3,MGI:1916948,SLC52A3,SLC52A3,1763
11332,ACOT7,MGI:1917275,ACOT7,ACOT7,1988
11343,MGLL,MGI:1346042,MGLL,MGLL,1190
113451,AZIN2,MGI:2442093,AZIN2,AZIN2,332
113675,SDSL,MGI:2182607,SDSL,SDSL,1893
114,ADCY8,MGI:1341110,ADCY8,ADCY8,191
114112,TXNRD3,MGI:2386711,TXNRD3,TXNRD3,1909
114134,SLC2A13,MGI:2146030,SLC2A13,SLC2A13,1156
114805,GALNT13,MGI:2139447,GALNT13,GALNT13,864
114971,N/A,N/A,N/A,N/A,1566
115,ADCY9,MGI:108450,ADCY9,ADCY9,196
115019,SLC26A9,MGI:2444594,SLC26A9,SLC26A9,1850
115111,SLC26A7,MGI:2384791,SLC26A7,SLC26A7,1849
1152,CKB,MGI:88407,CKB,CKB,552
115286,SLC25A26,MGI:1914832,SLC25A26,SLC25A26,311
115584,SLC5A11,MGI:1919316,SLC5A11,SLC5A11,945
1158,CKM,MGI:88413,CKM,CKM,553
1159,CKMT1B,MGI:99441,CKMT1,CKMT1,549
1160,CKMT2,MGI:1923972,CKMT2,CKMT2,550
116255,MOGAT1,MGI:1915643,MOGAT1,MOGAT1,1287
116285,ACSM1,MGI:2152200,ACSM1,ACSM1,774
116369,SLC26A8,MGI:2385046,SLC26A8,SLC26A8,1852
117247,SLC16A10,MGI:1919722,SLC16A10,SLC16A10,43
117248,GALNT15,MGI:1926004,GALNT15,GALNT15,866
117283,IP6K3,MGI:3045325,IP6K3,IP6K3,1666
1178,N/A,N/A,N/A,N/A,1183
118881,COMTD1,MGI:1916406,COMTD1,COMTD1,1820
12,SERPINA3,MGI:1921319;MGI:2182835;MGI:102848;MGI:105046;MGI:2182838;MGI:2182841;MGI:2182843;MGI:98378;MGI:98377;MGI:105045,SERPINA3A;SERPINA3B;SERPINA3C;SERPINA3G;SERPINA3F;SERPINA3I;SERPINA3J;SERPINA3M;SERPINA3K;SERPINA3N,SERPINA3A,2014
1200,TPP1,MGI:1336194,TPP1,TPP1,2079
120103,SLC36A4,MGI:2442595,SLC36A4,SLC36A4,1919
121260,SLC15A4,MGI:2140796,SLC15A4,SLC15A4,2125
121278,TPH2,MGI:2651811,TPH2,TPH2,1916
1215,CMA1,MGI:96941,CMA1,CMA1,2074
122481,AK7,MGI:1926051,AK7,AK7,175
122622,ADSSL1,MGI:87947,ADSSL1,ADSSL1,223
122970,ACOT4,MGI:2159621,ACOT4,ACOT4,1734
123041,SLC24A4,MGI:2447362,SLC24A4,SLC24A4,1368
123099,DEGS2,MGI:1917309,DEGS2,DEGS2,667
123745,PLA2G4E,MGI:1919144,PLA2G4E,PLA2G4E,1653
124,ADH1A,MGI:87921,ADH1,ADH1,36
1244,ABCC2,MGI:1352447,ABCC2,ABCC2,461
124583,CANT1,MGI:1923275,CANT1,CANT1,1374
124637,CYB5D1,MGI:2685586;MGI:3704119,CYB5D1;GM6685,CYB5D1,1177
124935,SLC43A2,MGI:2442746,SLC43A2,SLC43A2,611
124975,GGT6,MGI:1918772,GGT6,GGT6,1983
125,ADH1B,MGI:87921,ADH1,ADH1,35
125061,AFMID,MGI:2448704,AFMID,AFMID,802
125206,SLC5A10,MGI:1926089,SLC5A10,SLC5A10,811
125965,COX6B2,MGI:3044182,COX6B2,COX6B2,2114
126,ADH1C,MGI:87921,ADH1,ADH1,38
126129,CPT1C,MGI:2446526,CPT1C,CPT1C,214
126328,NDUFA11,MGI:1917125,NDUFA11,NDUFA11,1329
126410,CYP4F22,MGI:2445210,CYP4F39,CYP4F39,2085
1267,CNP,MGI:88437,CNP,CNP,2060
126792,B3GALT6,MGI:2152819,B3GALT6,B3GALT6,879
127,ADH4,MGI:1349472,ADH4,ADH4,34
127124,ATP6V1G3,MGI:2450548,ATP6V1G3,ATP6V1G3,378
128,ADH5,MGI:87929,ADH5,ADH5,39
128869,PIGU,MGI:3039607,PIGU,PIGU,1073
129607,CMPK2,MGI:99830,CMPK2,CMPK2,621
129642,MBOAT2,MGI:1914466,MBOAT2,MBOAT2,243
129807,NEU4,MGI:2661364,NEU4,NEU4,1838
13,AADAC,MGI:1915008,AADAC,AADAC,741
130,ADH6,MGI:1916367;MGI:2446626,ADH6A;ADH6B,ADH6A,33
130013,ACMSD,MGI:2386323,ACMSD,ACMSD,1472
130367,SGPP2,MGI:3589109,SGPP2,SGPP2,2009
130752,MDH1B,MGI:1923918,MDH1B,MDH1B,1243
131,ADH7,MGI:87926,ADH7,ADH7,37
1312,COMT,MGI:88470,COMT,COMT,41
131669,UROC1,MGI:2385332,UROC1,UROC1,1958
132,ADK,MGI:87930,ADK,ADK,198
132158,GLYCTK,MGI:2444085,GLYCTK,GLYCTK,1996
1327,COX4I1,MGI:88473,COX4I1,COX4I1,598
132789,GNPDA2,MGI:1915230,GNPDA2,GNPDA2,836
1329,COX5B,MGI:88475;MGI:3649411,COX5B;GM11273,COX5B,600
1337,COX6A1,MGI:103099,COX6A1,COX6A1,594
1339,COX6A2,MGI:104649,COX6A2,COX6A2,601
1340,COX6B1,MGI:107460,COX6B1,COX6B1,596
1345,COX6C,MGI:104614,COX6C,COX6C,602
134526,ACOT12,MGI:1921406,ACOT12,ACOT12,153
1346,COX7A1,MGI:1316714,COX7A1,COX7A1,2116
1347,COX7A2,MGI:1316715,COX7A2,COX7A2,595
1349,N/A,N/A,N/A,N/A,599
1350,N/A,N/A,N/A,N/A,597
1351,COX8A,MGI:105959,COX8A,COX8A,604
135152,B3GAT2,MGI:2389490,B3GAT2,B3GAT2,927
1356,CP,MGI:88476,CP,CP,1969
1357,CPA1,MGI:88478,CPA1,CPA1,2075
1358,CPA2,MGI:3617840,CPA2,CPA2,2076
1371,CPOX,MGI:104841,CPOX,CPOX,571
1373,CPS1,MGI:891996,CPS1,CPS1,500
1374,CPT1A,MGI:1098296,CPT1A,CPT1A,215
1375,CPT1B,MGI:1098297,CPT1B,CPT1B,211
1376,CPT2,MGI:109176,CPT2,CPT2,217
137872,ADHFE1,MGI:1923437,ADHFE1,ADHFE1,40
137964,GPAT4,MGI:2142716,GPAT4,GPAT4,237
1384,CRAT,MGI:109501,CRAT,CRAT,574
140679,SLC32A1,MGI:1194488,SLC32A1,SLC32A1,450
140838,NANP,MGI:1914561;MGI:3643504,NANP;GM6741,NANP,144
142680,SLC34A3,MGI:2159410,SLC34A3,SLC34A3,2108
1431,CS,MGI:1919082;MGI:88529,CSL;CS,CSL,576
144193,AMDHD1,MGI:1919011,AMDHD1,AMDHD1,1163
144195,SLC2A14,MGI:95757,SLC2A3,SLC2A3,944
145226,RDH12,MGI:1925224,RDH12,RDH12,1753
146712,B3GNTL1,MGI:2441705,B3GNTL1,B3GNTL1,228
1468,SLC25A10,MGI:1353497,SLC25A10,SLC25A10,257
1491,CTH,MGI:1339968,CTH,CTH,612
15,AANAT,MGI:1328365,AANAT,AANAT,1868
1503,CTPS1,MGI:1858304,CTPS,CTPS,581
150763,GPAT2,MGI:2684962,GPAT2,GPAT2,1000
151531,UPP2,MGI:1923904,UPP2,UPP2,736
153201,SLC36A2,MGI:1891430,SLC36A2,SLC36A2,272
1537,CYC1,MGI:1913695,CYC1,CYC1,589
154091,SLC2A12,MGI:3052471,SLC2A12,SLC2A12,941
1543,CYP1A1,MGI:88588,CYP1A1,CYP1A1,1250
1544,CYP1A2,MGI:88589,CYP1A2,CYP1A2,1252
1545,CYP1B1,MGI:88590,CYP1B1,CYP1B1,1251
1548,CYP2A6,MGI:88596;MGI:88597;MGI:3648316;MGI:105055,CYP2A4;CYP2A5;CYP2A22;CYP2A12,CYP2A4,1442
1549,CYP2A7,MGI:88596;MGI:88597;MGI:3648316;MGI:105055,CYP2A4;CYP2A5;CYP2A22;CYP2A12,CYP2A4,2068
1551,CYP3A7,MGI:88610;MGI:3646373;MGI:106099;MGI:3714859;MGI:1858451;MGI:2449818;MGI:88609;MGI:1930638;MGI:3769707,CYP3A13;CYP3A57;CYP3A16;CYP3A41B;CYP3A41A;CYP3A44;CYP3A11;CYP3A25;CYP3A59,CYP3A13,1454
155184,SLC2A7,MGI:3650865,SLC2A7,SLC2A7,808
1553,CYP2A13,MGI:88596;MGI:88597;MGI:3648316;MGI:105055,CYP2A4;CYP2A5;CYP2A22;CYP2A12,CYP2A4,1441
1555,CYP2B6,MGI:88600;MGI:3646735;MGI:107303;MGI:88598;MGI:88599,CYP2B9;CYP2B23;CYP2B19;CYP2B10;CYP2B13,CYP2B9,2067
1557,N/A,N/A,N/A,N/A,1249
1558,N/A,N/A,N/A,N/A,1444
1559,N/A,N/A,N/A,N/A,1446
1562,CYP2C18,MGI:1919332,CYP2C55,CYP2C55,1443
1565,CYP2D6,MGI:1923529;MGI:88603;MGI:1919004;MGI:2385022;MGI:88604;MGI:88606;MGI:88602;MGI:1929474,CYP2D26;CYP2D11;CYP2D40;CYP2D34;CYP2D12;CYP2D9;CYP2D10;CYP2D22,CYP2D26,1447
1571,CYP2E1,MGI:88607,CYP2E1,CYP2E1,167
1572,CYP2F1,MGI:88608,CYP2F2,CYP2F2,1448
1573,CYP2J2,MGI:2449817;MGI:1270148;MGI:1921769;MGI:1270149;MGI:2385197;MGI:3717097;MGI:2449816;MGI:2140224,CYP2J8;CYP2J6;CYP2J9;CYP2J5;CYP2J13;CYP2J12;CYP2J7;CYP2J11,CYP2J8,2069
157506,RDH10,MGI:1924238,RDH10,RDH10,1751
1576,CYP3A4,MGI:88610;MGI:3646373;MGI:106099;MGI:3714859;MGI:1858451;MGI:2449818;MGI:88609;MGI:1930638;MGI:3769707,CYP3A13;CYP3A57;CYP3A16;CYP3A41B;CYP3A41A;CYP3A44;CYP3A11;CYP3A25;CYP3A59,CYP3A13,1438
1577,CYP3A5,MGI:88610;MGI:3646373;MGI:106099;MGI:3714859;MGI:1858451;MGI:2449818;MGI:88609;MGI:1930638;MGI:3769707,CYP3A13;CYP3A57;CYP3A16;CYP3A41B;CYP3A41A;CYP3A44;CYP3A11;CYP3A25;CYP3A59,CYP3A13,1453
1579,CYP4A11,MGI:3717143;MGI:3611747;MGI:88612;MGI:3717145;MGI:1096550;MGI:88611;MGI:3028580;MGI:3717148,CYP4A29;CYP4A12B;CYP4A12A;CYP4A30B;CYP4A14;CYP4A10;CYP4A31;CYP4A32,CYP4A29,781
158,ADSL,MGI:103202,ADSL,ADSL,220
1580,CYP4B1,MGI:103225,CYP4B1,CYP4B1,2066
1581,CYP7A1,MGI:106091,CYP7A1,CYP7A1,663
1582,CYP8B1,MGI:1338044,CYP8B1,CYP8B1,1460
1583,CYP11A1,MGI:88582,CYP11A1,CYP11A1,1432
1584,CYP11B1,MGI:88583;MGI:88584,CYP11B1;CYP11B2,CYP11B1,1433
1585,CYP11B2,MGI:88583;MGI:88584,CYP11B1;CYP11B2,CYP11B1,1434
1586,CYP17A1,MGI:88586,CYP17A1,CYP17A1,1435
1588,CYP19A1,MGI:88587,CYP19A1,CYP19A1,1436
1589,CYP21A2,MGI:88591,CYP21A1,CYP21A1,1439
159,ADSS,MGI:87948,ADSS,ADSS,222
1591,CYP24A1,MGI:88593,CYP24A1,CYP24A1,5
1592,CYP26A1,MGI:1096359,CYP26A1,CYP26A1,2061
1593,CYP27A1,MGI:88594,CYP27A1,CYP27A1,1440
1594,CYP27B1,MGI:1098274,CYP27B1,CYP27B1,9
1595,CYP51A1,MGI:106040,CYP51,CYP51,2008
159963,SLC5A12,MGI:2138890,SLC5A12,SLC5A12,947
160287,N/A,N/A,N/A,N/A,18
1603,DAD1,MGI:101912,DAD1,DAD1,699
160428,ALDH1L2,MGI:2444680,ALDH1L2,ALDH1L2,816
1606,DGKA,MGI:102952,DGKA,DGKA,630
1607,DGKB,MGI:2442474,DGKB,DGKB,623
160728,SLC5A8,MGI:2384916,SLC5A8,SLC5A8,1159
1608,DGKG,MGI:105060,DGKG,DGKG,626
160851,DGKH,MGI:2444188,DGKH,DGKH,625
1609,DGKQ,MGI:102918,DGKQ,DGKQ,635
1610,DAO,MGI:94859,DAO,DAO,636
1621,DBH,MGI:94864,DBH,DBH,717
1622,DBI,MGI:94865,DBI,DBI,2118
162417,NAGS,MGI:2387600,NAGS,NAGS,136
162466,PHOSPHO1,MGI:2447348,PHOSPHO1,PHOSPHO1,518
1629,DBT,MGI:105386,DBT,DBT,1419
1632,ECI1,MGI:94871,ECI1,ECI1,642
1633,DCK,MGI:102726,DCK,DCK,644
1635,DCTD,MGI:2444529,DCTD,DCTD,645
1636,ACE,MGI:87874,ACE,ACE,2086
1638,DCT,MGI:102563,DCT,DCT,646
1644,DDC,MGI:94876,DDC,DDC,57
1645,AKR1C1,MGI:1933427;MGI:2145458;MGI:2145420;MGI:2151104;MGI:1351662;MGI:2653678;MGI:1924587;MGI:1351661;MGI:1918111,AKR1C6;AKR1C14;AKR1C18;AKR1C20;AKR1C13;AKR1C19;AKR1C21;AKR1C12;AKR1CL,AKR1C6,260
1650,DDOST,MGI:1194508,DDOST,DDOST,697
166012,CHST13,MGI:1919047,CHST13,CHST13,1802
1666,DECR1,MGI:1914710,DECR1,DECR1,2091
166785,MMAA,MGI:1923805,MMAA,MMAA,496
169355,IDO2,MGI:2142489,IDO2,IDO2,1918
170712,COX7B2,MGI:1925424,COX7B2,COX7B2,603
171425,CLYBL,MGI:1916884,CLYBL,CLYBL,545
1716,DGUOK,MGI:1351602,DGUOK,DGUOK,653
1717,DHCR7,MGI:1298378,DHCR7,DHCR7,664
1718,DHCR24,MGI:1922004,DHCR24,DHCR24,662
1719,DHFR,MGI:94890,DHFR,DHFR,670
1723,DHODH,MGI:1928378,DHODH,DHODH,671
1727,CYB5R3,MGI:94893,CYB5R3,CYB5R3,1973
1737,DLAT,MGI:2385311,DLAT,DLAT,1534
1738,DLD,MGI:107450,DLD,DLD,29
1743,DLST,MGI:1926170,DLST,DLST,31
175,AGA,MGI:104873,AGA,AGA,889
1757,SARDH,MGI:2183102,SARDH,SARDH,1822
178,AGL,MGI:1924809,AGL,AGL,948
1786,DNMT1,MGI:94912,DNMT1,DNMT1,682
1787,TRDMT1,MGI:1274787,TRDMT1,TRDMT1,680
1788,DNMT3A,MGI:1261827,DNMT3A,DNMT3A,681
1789,DNMT3B,MGI:1261819,DNMT3B,DNMT3B,686
1798,DPAGT1,MGI:1196396,DPAGT1,DPAGT1,935
18,ABAT,MGI:2443582,ABAT,ABAT,49
1800,DPEP1,MGI:94917,DPEP1,DPEP1,2128
1806,DPYD,MGI:2139667,DPYD,DPYD,732
1807,DPYS,MGI:1928679,DPYS,DPYS,672
1808,DPYSL2,MGI:1349763,DPYSL2,DPYSL2,674
1809,DPYSL3,MGI:1349762,DPYSL3,DPYSL3,673
1811,SLC26A3,MGI:107181,SLC26A3,SLC26A3,1431
1836,SLC26A2,MGI:892977,SLC26A2,SLC26A2,1427
1841,DTYMK,MGI:108396,DTYMK,DTYMK,731
1854,DUT,MGI:1346051,DUT,DUT,737
189,AGXT,MGI:1329033,AGXT,AGXT,248
1890,TYMP,MGI:1920212,TYMP,TYMP,1900
1891,ECH1,MGI:1858208,ECH1,ECH1,474
1892,ECHS1,MGI:2136460,ECHS1,ECHS1,740
19,ABCA1,MGI:99607,ABCA1,ABCA1,537
191,AHCY,MGI:3643647;MGI:87968,GM4737;AHCY,GM4737,249
192134,B3GNT6,MGI:3039603,B3GNT6,B3GNT6,570
195814,SDR16C5,MGI:2668443,SDR16C5,SDR16C5,1755
1962,EHHADH,MGI:1277964,EHHADH,EHHADH,475
196743,PAOX,MGI:1916983,PAOX,PAOX,2055
196883,ADCY4,MGI:99674,ADCY4,ADCY4,195
197257,LDHD,MGI:106428,LDHD,LDHD,974
197258,FUK,MGI:1916071,FUK,FUK,801
199974,N/A,N/A,N/A,N/A,2070
200010,SLC5A9,MGI:2140201,SLC5A9,SLC5A9,812
200576,PIKFYVE,MGI:1335106,PIKFYVE,PIKFYVE,1617
201288,N/A,N/A,N/A,N/A,1397
2023,ENO1,MGI:95393;MGI:3648653,ENO1;ENO1B,ENO1,744
2026,ENO2,MGI:95394,ENO2,ENO2,747
2027,ENO3,MGI:95395,ENO3,ENO3,745
203,AK1,MGI:87977,AK1,AK1,176
2030,SLC29A1,MGI:1927073,SLC29A1,SLC29A1,200
204,AK2,MGI:87978,AK2,AK2,179
205,AK4,MGI:87979,AK4,AK4,180
2052,EPHX1,MGI:95405,EPHX1,EPHX1,2064
2053,EPHX2,MGI:99500,EPHX2,EPHX2,2063
206358,SLC36A1,MGI:2445299,SLC36A1,SLC36A1,109
2098,ESD,MGI:95421,ESD,ESD,1835
210,ALAD,MGI:96853,ALAD,ALAD,1701
2108,ETFA,MGI:106092,ETFA,ETFA,753
2109,ETFB,MGI:106098;MGI:5753809,ETFB;GM45233,ETFB,752
211,ALAS1,MGI:87989,ALAS1,ALAS1,270
2110,ETFDH,MGI:106100,ETFDH,ETFDH,755
212,ALAS2,MGI:87990,ALAS2,ALAS2,268
213,ALB,MGI:87991,ALB,ALB,2013
2131,EXT1,MGI:894663,EXT1,EXT1,923
2132,EXT2,MGI:108050,EXT2,EXT2,924
2134,EXTL1,MGI:1888742,EXTL1,EXTL1,939
2135,EXTL2,MGI:1889574,EXTL2,EXTL2,938
2137,EXTL3,MGI:1860765,EXTL3,EXTL3,937
2147,F2,MGI:88380,F2,F2,2022
215,ABCD1,MGI:1349215,ABCD1,ABCD1,2039
216,ALDH1A1,MGI:1353450;MGI:1347050,ALDH1A1;ALDH1A7,ALDH1A1,291
2168,FABP1,MGI:95479,FABP1,FABP1,2130
217,ALDH2,MGI:99600,ALDH2,ALDH2,91
218,ALDH3A1,MGI:1353451,ALDH3A1,ALDH3A1,44
2180,ACSL1,MGI:102797,ACSL1,ACSL1,768
2181,ACSL3,MGI:1921455,ACSL3,ACSL3,766
2182,ACSL4,MGI:1354713,ACSL4,ACSL4,767
2184,FAH,MGI:95482,FAH,FAH,823
219,ALDH1B1,MGI:1919785,ALDH1B1,ALDH1B1,90
2194,FASN,MGI:95485,FASN,FASN,156
220,ALDH1A3,MGI:1861722,ALDH1A3,ALDH1A3,46
2203,FBP1,MGI:95492,FBP1,FBP1,791
221,ALDH3B1,MGI:1914939,ALDH3B1,ALDH3B1,47
221823,PRPS1L1,MGI:1922706,PRPS1L1,PRPS1L1,1719
222,ALDH3B2,MGI:1920708;MGI:2147613,ALDH3B3;ALDH3B2,ALDH3B3,45
2222,FDFT1,MGI:102706,FDFT1,FDFT1,1865
2224,FDPS,MGI:104888;MGI:5663875,FDPS;GM43738,FDPS,678
222537,HS3ST5,MGI:2441996,HS3ST5,HS3ST5,1795
223,ALDH9A1,MGI:1861622,ALDH9A1,ALDH9A1,108
2235,FECH,MGI:95513,FECH,FECH,797
224,ALDH3A2,MGI:1353452,ALDH3A2,ALDH3A2,295
2243,FGA,MGI:1316726,FGA,FGA,2020
225,ABCD2,MGI:1349467,ABCD2,ABCD2,2119
226,ALDOA,MGI:1931052;MGI:87994;MGI:2447811,ALDOART2;ALDOA;ALDOART1,ALDOART2,786
2271,FH,MGI:95530,FH1,FH1,822
22856,CHSY1,MGI:2681120,CHSY1,CHSY1,856
229,ALDOB,MGI:87995,ALDOB,ALDOB,790
22928,SEPHS2,MGI:108388,SEPHS2,SEPHS2,1829
22929,SEPHS1,MGI:1923580,SEPHS1,SEPHS1,1828
22934,RPIA,MGI:103254,RPIA,RPIA,1770
22978,NT5C2,MGI:2178563,NT5C2,NT5C2,1404
230,ALDOC,MGI:101863,ALDOC,ALDOC,789
23007,PLCH1,MGI:2683547,PLCH1,PLCH1,1613
23057,NMNAT2,MGI:2444155,NMNAT2,NMNAT2,1391
231,AKR1B1,MGI:1353494,AKR1B3,AKR1B3,307
23169,SLC35D1,MGI:2140361,SLC35D1,SLC35D1,1932
23205,ACSBG1,MGI:2385656,ACSBG1,ACSBG1,2121
23236,PLCB1,MGI:97613,PLCB1,PLCB1,1596
2326,FMO1,MGI:1310002,FMO1,FMO1,2102
2327,FMO2,MGI:1916776,FMO2,FMO2,2103
2328,FMO3,MGI:1100496,FMO3,FMO3,2100
2329,FMO4,MGI:2429497,FMO4,FMO4,2099
2330,FMO5,MGI:1310004,FMO5,FMO5,2101
23305,ACSL6,MGI:894291,ACSL6,ACSL6,772
23315,SLC9A8,MGI:1924281,SLC9A8,SLC9A8,1171
23382,AHCYL2,MGI:1921590,AHCYL2,AHCYL2,1826
23396,PIP5K1C,MGI:1298224,PIP5K1C,PIP5K1C,1578
23417,MLYCD,MGI:1928485,MLYCD,MLYCD,1239
23428,SLC7A8,MGI:1355323,SLC7A8,SLC7A8,608
23430,TPSD1,MGI:96943;MGI:96942,TPSAB1;TPSB2,TPSAB1,2082
23439,ATP1B4,MGI:1915071,ATP1B4,ATP1B4,1355
23443,SLC35A3,MGI:1917648,SLC35A3,SLC35A3,1933
23464,GCAT,MGI:1349389,GCAT,GCAT,269
23475,QPRT,MGI:1914625,QPRT,QPRT,2001
23478,SEC11A,MGI:1929464,SEC11A,SEC11A,1662
2348,FOLR1,MGI:95568,FOLR1,FOLR1,95
23483,TGDS,MGI:1923605,TGDS,TGDS,1886
23498,HAAO,MGI:1349444,HAAO,HAAO,52
2350,FOLR2,MGI:95569,FOLR2,FOLR2,2011
2352,N/A,N/A,N/A,N/A,99
23530,NNT,MGI:109279,NNT,NNT,1889
23533,PIK3R5,MGI:2443588,PIK3R5,PIK3R5,1593
23539,SLC16A8,MGI:1929519,SLC16A8,SLC16A8,676
23545,ATP6V0A2,MGI:104855,ATP6V0A2,ATP6V0A2,368
23556,PIGN,MGI:1351629,PIGN,PIGN,1053
2356,FPGS,MGI:95576,FPGS,FPGS,805
23563,CHST5,MGI:1931825,CHST5,CHST5,1806
23600,AMACR,MGI:1098273,AMACR,AMACR,308
23632,CA14,MGI:1344341,CAR14,CAR14,1044
23657,SLC7A11,MGI:1347355,SLC7A11,SLC7A11,614
23743,BHMT2,MGI:1891379,BHMT2,BHMT2,458
23761,N/A,N/A,N/A,N/A,1723
239,ALOX12,MGI:87998,ALOX12,ALOX12,301
240,ALOX5,MGI:87999,ALOX5,ALOX5,305
242,ALOX12B,MGI:1274782,ALOX12B,ALOX12B,302
245972,ATP6V0D2,MGI:1924415,ATP6V0D2,ATP6V0D2,362
245973,ATP6V1C2,MGI:1916025,ATP6V1C2,ATP6V1C2,373
246,ALOX15,MGI:87997,ALOX15,ALOX15,304
246213,SLC17A8,MGI:3039629,SLC17A8,SLC17A8,972
247,ALOX15B,MGI:1098228,ALOX8,ALOX8,303
248,ALPI,MGI:108009;MGI:1924018;MGI:87984,ALPPL2;ALPI;AKP3,ALPPL2,297
249,ALPL,MGI:87983,ALPL,ALPL,299
2495,FTH1,MGI:95588,FTH1,FTH1,1971
250,ALPP,MGI:108009;MGI:1924018;MGI:87984,ALPPL2;ALPI;AKP3,ALPPL2,300
251,ALPPL2,MGI:108009;MGI:1924018;MGI:87984,ALPPL2;ALPI;AKP3,ALPPL2,298
2512,FTL,MGI:95589;MGI:3779109,FTL1;FTL1-PS1,FTL1,1970
2517,FUCA1,MGI:95593,FUCA1,FUCA1,821
2519,FUCA2,MGI:1914098,FUCA2,FUCA2,820
2523,FUT1,MGI:109375,FUT1,FUT1,824
2525,N/A,N/A,N/A,N/A,825
2530,FUT8,MGI:1858901,FUT8,FUT8,760
2531,KDSR,MGI:1918000,KDSR,KDSR,51
253430,IPMK,MGI:1916968,IPMK,IPMK,1260
2538,G6PC,MGI:95607,G6PC,G6PC,497
2539,G6PD,MGI:105977;MGI:105979,G6PD2;G6PDX,G6PD2,839
2542,SLC37A4,MGI:1316650,SLC37A4,SLC37A4,840
2548,GAA,MGI:95609,GAA,GAA,1229
256435,ST6GALNAC3,MGI:1341828,ST6GALNAC3,ST6GALNAC3,1873
257068,PLCXD2,MGI:3647874,PLCXD2,PLCXD2,1611
2571,GAD1,MGI:95632,GAD1,GAD1,69
2572,GAD2,MGI:95634,GAD2,GAD2,70
257202,GPX6,MGI:1922762,GPX6,GPX6,1017
25769,SLC24A2,MGI:1923626,SLC24A2,SLC24A2,1372
25796,PGLS,MGI:1913421,PGLS,PGLS,1562
2581,GALC,MGI:95636,GALC,GALC,848
2582,GALE,MGI:1921496,GALE,GALE,1925
25828,TXN2,MGI:1929468,TXN2,TXN2,2029
2583,B4GALNT1,MGI:1342057,B4GALNT1,B4GALNT1,849
25830,SULT4A1,MGI:1888971,SULT4A1,SULT4A1,2050
2584,GALK1,MGI:95730,GALK1,GALK1,850
2585,GALK2,MGI:1917226,GALK2,GALK2,851
2588,GALNS,MGI:1355303,GALNS,GALNS,846
2589,GALNT1,MGI:894693,GALNT1,GALNT1,860
2590,GALNT2,MGI:894694;MGI:5141853,GALNT2;GM20388,GALNT2,869
25902,MTHFD1L,MGI:1924836,MTHFD1L,MTHFD1L,819
2591,GALNT3,MGI:894695,GALNT3,GALNT3,873
2592,GALT,MGI:95638,GALT,GALT,874
259230,SGMS1,MGI:2444110,SGMS1,SGMS1,1848
2593,GAMT,MGI:1098221,GAMT,GAMT,841
2595,GANC,MGI:1923301,GANC,GANC,1230
2597,GAPDH,MGI:3708114,GM15294,GM15294,885
26,AOC1,MGI:1923757;MGI:1917011;MGI:3618290;MGI:2682321,AOC1;1600015I10RIK;DOXL2;SVS1,AOC1,2
26002,MOXD1,MGI:1921582,MOXD1,MOXD1,716
260293,CYP4X1,MGI:1932403,CYP4X1,CYP4X1,2071
26035,GLCE,MGI:2136405,GLCE,GLCE,921
26061,HACL1,MGI:1929657,HACL1,HACL1,2092
26062,N/A,N/A,N/A,N/A,1115
26063,DECR2,MGI:1347059,DECR2,DECR2,2090
2618,GART,MGI:95654,GART,GART,887
262,AMD1,MGI:88004;MGI:1333111,AMD1;AMD2,AMD1,186
26227,PHGDH,MGI:1355330,PHGDH,PHGDH,1548
26229,B3GAT3,MGI:1919977,B3GAT3,B3GAT3,929
26266,SLC13A4,MGI:2442367,SLC13A4,SLC13A4,1856
26275,HIBCH,MGI:1923792,HIBCH,HIBCH,58
26279,PLA2G2D,MGI:1341796,PLA2G2D,PLA2G2D,1655
2628,GATM,MGI:1914342,GATM,GATM,979
26289,AK5,MGI:2677491,AK5,AK5,177
2629,GBA,MGI:95665,GBA,GBA,890
26290,N/A,N/A,N/A,N/A,858
26301,GBGT1,MGI:2449143,GBGT1,GBGT1,895
2632,GBE1,MGI:1921435,GBE1,GBE1,918
26330,GAPDHS,MGI:95653,GAPDHS,GAPDHS,886
2638,GC,MGI:95669,GC,GC,6
2639,GCDH,MGI:104541,GCDH,GCDH,969
2643,GCH1,MGI:95675,GCH1,GCH1,1026
2645,GCK,MGI:1270854,GCK,GCK,1090
2650,GCNT1,MGI:95676,GCNT1,GCNT1,568
26503,SLC17A5,MGI:1924105,SLC17A5,SLC17A5,143
2651,GCNT2,MGI:1100870,GCNT2,GCNT2,902
2653,GCSH,MGI:1915383,GCSH,GCSH,901
266722,HS6ST3,MGI:1354960,HS6ST3,HS6ST3,1814
267020,ATP5L2,MGI:3646788;MGI:1351597,GM5426;ATP5L,GM5426,430
2673,GFPT1,MGI:95698,GFPT1,GFPT1,904
2678,GGT1,MGI:95706,GGT1,GGT1,1023
2679,N/A,N/A,N/A,N/A,1022
2683,B4GALT1,MGI:95705,B4GALT1,B4GALT1,830
2686,GGT7,MGI:1913385,GGT7,GGT7,1982
2687,GGT5,MGI:1346063,GGT5,GGT5,913
26873,OPLAH,MGI:1922725,OPLAH,OPLAH,1424
2694,GIF,MGI:1202394,GIF,GIF,2126
270,AMPD1,MGI:88015,AMPD1,AMPD1,315
27010,TPK1,MGI:1352500,TPK1,TPK1,1899
27034,ACAD8,MGI:1914198,ACAD8,ACAD8,150
27068,PPA2,MGI:1922026,PPA2,PPA2,1693
27087,B3GAT1,MGI:1924148,B3GAT1,B3GAT1,926
27089,UQCRQ,MGI:107807,UQCRQ,UQCRQ,591
271,AMPD2,MGI:88016,AMPD2,AMPD2,314
2710,GK,MGI:106594,GK,GK,981
27109,ATP5S,MGI:1915305,ATP5S,ATP5S,428
27115,PDE7B,MGI:1352752,PDE7B,PDE7B,1502
2712,GK2,MGI:1329027,GK2,GK2,982
27124,INPP5J,MGI:2158663,INPP5J,INPP5J,1264
2713,N/A,N/A,N/A,N/A,984
27159,CHIA,MGI:2676649;MGI:1932052;MGI:1330860;MGI:1341098;MGI:2682303,CHIL5;CHIA1;CHIL3;CHIL4;CHIL6,CHIL5,541
27165,GLS2,MGI:2143539,GLS2,GLS2,964
2717,GLA,MGI:1347344,GLA,GLA,917
272,AMPD3,MGI:1096344,AMPD3,AMPD3,317
2720,GLB1,MGI:88151,GLB1,GLB1,845
27232,GNMT,MGI:1202304,GNMT,GNMT,997
27235,COQ2,MGI:1919133,COQ2,COQ2,1082
2729,GCLC,MGI:104990,GCLC,GCLC,959
2730,GCLM,MGI:104995,GCLM,GCLM,960
27306,HPGDS,MGI:1859384,HPGDS,HPGDS,1550
2731,GLDC,MGI:1341155,GLDC,GLDC,900
27349,MCAT,MGI:2388651,MCAT,MCAT,1240
2739,GLO1,MGI:95742,GLO1,GLO1,1176
27430,MAT2B,MGI:1913667,MAT2B,MAT2B,1254
2744,GLS,MGI:95752,GLS,GLS,963
2745,GLRX,MGI:2135625,GLRX,GLRX,637
2746,GLUD1,MGI:95753,GLUD1,GLUD1,962
2747,GLUD2,MGI:95753,GLUD1,GLUD1,961
275,AMT,MGI:3646700,AMT,AMT,899
2752,GLUL,MGI:95739,GLUL,GLUL,954
276,AMY1A,MGI:88020;MGI:3711258;MGI:3714985;MGI:3711220;MGI:104548;MGI:88019,AMY2A5;AMY2A4;AMY2A3;AMY2A2;AMY2A1;AMY1,AMY2A5,322
2762,GMDS,MGI:1891112,GMDS,GMDS,990
2766,GMPR,MGI:1913605,GMPR,GMPR,991
277,AMY1B,MGI:88020;MGI:3711258;MGI:3714985;MGI:3711220;MGI:104548;MGI:88019,AMY2A5;AMY2A4;AMY2A3;AMY2A2;AMY2A1;AMY1,AMY2A5,323
278,AMY1C;AMY1B,MGI:88020;MGI:3711258;MGI:3714985;MGI:3711220;MGI:104548;MGI:88019,AMY2A5;AMY2A4;AMY2A3;AMY2A2;AMY2A1;AMY1,AMY2A5,321
279,AMY2A,MGI:88020;MGI:3711258;MGI:3714985;MGI:3711220;MGI:104548;MGI:88019,AMY2A5;AMY2A4;AMY2A3;AMY2A2;AMY2A1;AMY1,AMY2A5,327
2799,GNS,MGI:1922862,GNS,GNS,1818
28,ABO,MGI:2135738,ABO,ABO,107
280,AMY2B,MGI:88020;MGI:3711258;MGI:3714985;MGI:3711220;MGI:104548;MGI:88019,AMY2A5;AMY2A4;AMY2A3;AMY2A2;AMY2A1;AMY1,AMY2A5,320
2805,GOT1,MGI:95791,GOT1,GOT1,72
2806,GOT2,MGI:95792,GOT2,GOT2,73
2819,GPD1,MGI:95679,GPD1,GPD1,834
2820,GPD2,MGI:99778,GPD2,GPD2,835
2821,GPI,MGI:95797,GPI1,GPI1,1557
28231,SLCO4A1,MGI:1351866,SLCO4A1,SLCO4A1,749
28232,SLCO3A1,MGI:1351867,SLCO3A1,SLCO3A1,751
28234,SLCO1B3,MGI:1351899,SLCO1B2,SLCO1B2,463
283871,PGP,MGI:1914328,PGP,PGP,1563
284098,PIGW,MGI:1917575,PIGW,PIGW,1001
284111,SLC13A5,MGI:3037150,SLC13A5,SLC13A5,2012
284129,SLC26A11,MGI:2444589,SLC26A11,SLC26A11,1853
284273,ZADH2,MGI:2444835,ZADH2,ZADH2,287
286016,N/A,N/A,N/A,N/A,1904
286297,N/A,N/A,N/A,N/A,818
2875,GPT,MGI:95802,GPT,GPT,283
2876,GPX1,MGI:104887,GPX1,GPX1,1009
2877,GPX2,MGI:106609,GPX2,GPX2,1008
2878,GPX3,MGI:105102,GPX3,GPX3,1016
2879,GPX4,MGI:104767,GPX4,GPX4,1014
2880,GPX5,MGI:104886,GPX5,GPX5,2098
2882,GPX7,MGI:1914555,GPX7,GPX7,1018
28965,SLC27A6,MGI:3036230,SLC27A6,SLC27A6,2120
28972,SPCS1,MGI:1916269,SPCS1,SPCS1,1659
28976,ACAD9,MGI:1914272,ACAD9,ACAD9,151
28982,FLVCR1,MGI:2444881,MFSD7B,MFSD7B,2139
290,ANPEP,MGI:5000466,ANPEP,ANPEP,319
291,SLC25A4,MGI:1353495,SLC25A4,SLC25A4,431
29124,N/A,N/A,N/A,N/A,1184
292,SLC25A5,MGI:1353496,SLC25A5,SLC25A5,433
293,N/A,N/A,N/A,N/A,432
2936,GSR,MGI:95804,GSR,GSR,1005
2937,GSS,MGI:95852,GSS,GSS,1021
2944,N/A,N/A,N/A,N/A,1746
2954,GSTZ1,MGI:1341859,GSTZ1,GSTZ1,1226
2974,N/A,N/A,N/A,N/A,1031
2977,GUCY1A2,MGI:2660877,GUCY1A2,GUCY1A2,1027
2978,GUCA1A,MGI:102770,GUCA1A,GUCA1A,1413
29785,CYP2S1,MGI:1921384,CYP2S1,CYP2S1,2072
29796,UQCR10,MGI:1913402,UQCR10,UQCR10,587
2982,GUCY1A3,MGI:1926562,GUCY1A3,GUCY1A3,1030
2983,GUCY1B3,MGI:1860604,GUCY1B3,GUCY1B3,1028
2984,GUCY2C,MGI:106903,GUCY2C,GUCY2C,1034
2986,GUCY2F,MGI:105119,GUCY2F,GUCY2F,1032
2987,GUK1,MGI:95871,GUK1,GUK1,652
29880,ALG5,MGI:1913498,ALG5,ALG5,1929
29881,NPC1L1,MGI:2685089,NPC1L1,NPC1L1,435
2990,GUSB,MGI:95872,GUSB,GUSB,919
29906,ST8SIA5,MGI:109243,ST8SIA5,ST8SIA5,1877
2992,GYG1,MGI:1351614,GYG,GYG,911
29920,PYCR2,MGI:1277956,PYCR2,PYCR2,2007
29922,NME7,MGI:2449121,NME7,NME7,1381
29925,GMPPB,MGI:2660880,GMPPB,GMPPB,1234
29926,GMPPA,MGI:1916330,GMPPA,GMPPA,1232
29929,ALG6,MGI:2444031,ALG6,ALG6,701
29953,TRHDE,MGI:2384311,TRHDE,TRHDE,2083
29958,DMGDH,MGI:1921379,DMGDH,DMGDH,679
29968,PSAT1,MGI:2183441,PSAT1,PSAT1,1724
2997,GYS1,MGI:101805,GYS1,GYS1,912
2998,GYS2,MGI:2385254,GYS2,GYS2,910
29988,SLC2A8,MGI:1860103,SLC2A8,SLC2A8,806
30,ACAA1,MGI:3605455;MGI:2148491,ACAA1B;ACAA1A,ACAA1B,119
3000,GUCY2D,MGI:105123,GUCY2E,GUCY2E,1036
30061,SLC40A1,MGI:1315204,SLC40A1,SLC40A1,2136
3028,HSD17B10,MGI:1333871,HSD17B10,HSD17B10,1076
3029,HAGH,MGI:95745,HAGH,HAGH,985
3030,HADHA,MGI:2135593,HADHA,HADHA,118
3032,HADHB,MGI:2136381,HADHB,HADHB,115
3033,HADH,MGI:96009,HADH,HADH,1077
3034,HAL,MGI:96010,HAL,HAL,1101
3036,HAS1,MGI:106590,HAS1,HAS1,1079
3037,HAS2,MGI:107821,HAS2,HAS2,1081
3038,HAS3,MGI:109599,HAS3,HAS3,1078
3067,HDC,MGI:96062,HDC,HDC,1102
3073,HEXA,MGI:96073,HEXA,HEXA,253
3074,HEXB,MGI:96074,HEXB,HEXB,252
3081,HGD,MGI:96078,HGD,HGD,1099
30814,PLA2G2E,MGI:1349660,PLA2G2E,PLA2G2E,1657
30815,ST6GALNAC6,MGI:1355316,ST6GALNAC6,ST6GALNAC6,1874
30833,NT5C,MGI:1354954,NT5C,NT5C,1405
3098,HK1,MGI:96103,HK1,HK1,1088
3099,HK2,MGI:1315197,HK2,HK2,1092
31,ACACA,MGI:108451,ACACA,ACACA,120
3101,HK3,MGI:2670962,HK3,HK3,1097
314,AOC2,MGI:2668431,AOC2,AOC2,3
3141,HLCS,MGI:894646,HLCS,HLCS,449
3145,HMBS,MGI:96112,HMBS,HMBS,1106
3155,HMGCL,MGI:96158,HMGCL,HMGCL,1111
3156,HMGCR,MGI:96159,HMGCR,HMGCR,1107
3157,HMGCS1,MGI:107592,HMGCS1,HMGCS1,1108
3158,HMGCS2,MGI:101939,HMGCS2,HMGCS2,1110
316,AOX1,MGI:88035,AOX1,AOX1,89
3162,HMOX1,MGI:96163,HMOX1,HMOX1,1113
3163,HMOX2,MGI:109373,HMOX2,HMOX2,1114
3176,HNMT,MGI:2153181,HNMT,HNMT,1821
3177,SLC29A2,MGI:1345278,SLC29A2,SLC29A2,173
318,NUDT2,MGI:1913651,NUDT2,NUDT2,328
32,ACACB,MGI:2140940,ACACB,ACACB,123
3242,HPD,MGI:96213,HPD,HPD,48
3251,HPRT1,MGI:96217,HPRT,HPRT,1038
3283,HSD3B1,MGI:96234;MGI:3782634;MGI:96235;MGI:96236;MGI:3711284;MGI:104645;MGI:109598;MGI:96233,HSD3B2;GM4450;HSD3B3;HSD3B4;GM10681;HSD3B5;HSD3B6;HSD3B1,HSD3B2,1124
3284,HSD3B2,MGI:96234;MGI:3782634;MGI:96235;MGI:96236;MGI:3711284;MGI:104645;MGI:109598;MGI:96233,HSD3B2;GM4450;HSD3B3;HSD3B4;GM10681;HSD3B5;HSD3B6;HSD3B1,HSD3B2,1125
3290,HSD11B1,MGI:103562,HSD11B1,HSD11B1,1117
3291,HSD11B2,MGI:104720,HSD11B2,HSD11B2,1119
3292,HSD17B1,MGI:105077,HSD17B1,HSD17B1,1120
3293,HSD17B3,MGI:107177,HSD17B3,HSD17B3,2110
3294,HSD17B2,MGI:1096386,HSD17B2,HSD17B2,1122
3295,HSD17B4,MGI:105089,HSD17B4,HSD17B4,477
33,ACADL,MGI:87866,ACADL,ACADL,1995
3340,NDST1,MGI:104719,NDST1,NDST1,932
335,APOA1,MGI:88049,APOA1,APOA1,2025
337876,CHSY3,MGI:1926173,CHSY3,CHSY3,857
338,APOB,MGI:88052,APOB,APOB,2016
339221,ENPP7,MGI:3027917,ENPP7,ENPP7,1844
34,ACADM,MGI:87867,ACADM,ACADM,146
340024,SLC6A19,MGI:1921588,SLC6A19,SLC6A19,280
341,APOC1,MGI:88053,APOC1,APOC1,2017
3417,IDH1,MGI:96413,IDH1,IDH1,1141
3418,IDH2,MGI:96414,IDH2,IDH2,1142
3419,IDH3A,MGI:1915084,IDH3A,IDH3A,1137
341947,COX8C,MGI:1922733,COX8C,COX8C,606
3420,IDH3B,MGI:2158650,IDH3B,IDH3B,1136
3421,IDH3G,MGI:1099463,IDH3G,IDH3G,1135
3422,IDI1,MGI:2442264,IDI1,IDI1,1157
3423,IDS,MGI:96417,IDS,IDS,1791
3425,IDUA,MGI:96418,IDUA,IDUA,1148
343,AQP8,MGI:1195271,AQP8,AQP8,1064
344,APOC2,MGI:88054;MGI:5753381,APOC2;GM44805,APOC2,2018
345,APOC3,MGI:88055,APOC3,APOC3,2019
347734,SLC35B2,MGI:1921086,SLC35B2,SLC35B2,1468
348,APOE,MGI:88057,APOE,APOE,2024
349565,NMNAT3,MGI:1921330,NMNAT3,NMNAT3,1389
35,ACADS,MGI:87868,ACADS,ACADS,148
353,APRT,MGI:88061,APRT,APRT,210
358,AQP1,MGI:103201,AQP1,AQP1,1059
359,AQP2,MGI:1096865,AQP2,AQP2,1062
36,ACADSB,MGI:1914135,ACADSB,ACADSB,145
361,AQP4,MGI:107387,AQP4,AQP4,1060
3612,IMPA1,MGI:1933158,IMPA1,IMPA1,1274
3613,IMPA2,MGI:2149728,IMPA2,IMPA2,1275
3614,IMPDH1,MGI:96567,IMPDH1,IMPDH1,1152
3615,IMPDH2,MGI:109367,IMPDH2,IMPDH2,1153
362,AQP5,MGI:106215,AQP5,AQP5,1063
3620,IDO1,MGI:96416,IDO1,IDO1,92
3628,INPP1,MGI:104848,INPP1,INPP1,1270
3631,INPP4A,MGI:1931123,INPP4A,INPP4A,1279
3632,INPP5A,MGI:2686961,INPP5A,INPP5A,1269
3633,INPP5B,MGI:103257,INPP5B,INPP5B,1267
3635,INPP5D,MGI:107357,INPP5D,INPP5D,1261
3636,INPPL1,MGI:1333787,INPPL1,INPPL1,1263
3658,IREB2,MGI:1928268,IREB2,IREB2,158
366,AQP9,MGI:1891066,AQP9,AQP9,1179
37,ACADVL,MGI:895149,ACADVL,ACADVL,1994
3704,ITPA,MGI:96622,ITPA,ITPA,738
3706,ITPKA,MGI:1333822,ITPKA,ITPKA,1271
3707,ITPKB,MGI:109235,ITPKB,ITPKB,1273
3712,IVD,MGI:1929242,IVD,IVD,152
373156,GSTK1,MGI:1923513,GSTK1,GSTK1,2057
374291,NDUFS7,MGI:1922656,NDUFS7,NDUFS7,1308
374569,ASPG,MGI:2144822,ASPG,ASPG,1978
374907,B3GNT8,MGI:2385269,B3GNT8,B3GNT8,229
375056,MIA3,MGI:2443183,MIA3,MIA3,1560
3764,KCNJ8,MGI:1100508,KCNJ8,KCNJ8,2032
376497,SLC27A1,MGI:1347098,SLC27A1,SLC27A1,782
3767,KCNJ11,MGI:107501,KCNJ11,KCNJ11,2033
377677,CA13,MGI:1931322,CAR13,CAR13,1041
377841,ENTPD8,MGI:1919340,ENTPD8,ENTPD8,394
3795,KHK,MGI:1096353,KHK,KHK,1168
38,ACAT1,MGI:87870,ACAT1,ACAT1,114
383,ARG1,MGI:88070,ARG1,ARG1,334
384,ARG2,MGI:1330806,ARG2,ARG2,335
386757,N/A,N/A,N/A,N/A,573
387775,N/A,N/A,N/A,N/A,1175
387893,KMT5A,MGI:1915206,KMT5A,KMT5A,1216
389015,SLC9A4,MGI:105074,SLC9A4,SLC9A4,1360
39,ACAT2,MGI:109182;MGI:87871,ACAT3;ACAT2,ACAT3,117
3906,LALBA,MGI:96742,LALBA,LALBA,1938
3931,LCAT,MGI:96755,LCAT,LCAT,1174
3938,LCT,MGI:104576,LCT,LCT,1173
3939,LDHA,MGI:96759,LDHA,LDHA,17
3945,LDHB,MGI:96763,LDHB,LDHB,16
3948,LDHC,MGI:96764,LDHC,LDHC,14
3988,LIPA,MGI:96789,LIPA,LIPA,2027
3990,LIPC,MGI:96216,LIPC,LIPC,1187
3992,FADS1,MGI:1923517,FADS1,FADS1,649
4017,LOXL2,MGI:2137913,LOXL2,LOXL2,2043
4023,LPL,MGI:96820,LPL,LPL,1186
4025,LPO,MGI:1923363,LPO,LPO,2048
4035,LRP1,MGI:96828,LRP1,LRP1,1571
4036,LRP2,MGI:95794,LRP2,LRP2,7
4047,LSS,MGI:1336155,LSS,LSS,1181
4048,LTA4H,MGI:96836,LTA4H,LTA4H,1200
4051,CYP4F3,MGI:2146921;MGI:1919304;MGI:3645508;MGI:1927669,CYP4F15;CYP4F18;CYP4F40;CYP4F14,CYP4F15,1457
4056,LTC4S,MGI:107498,LTC4S,LTC4S,1201
410,ARSA,MGI:88077,ARSA,ARSA,341
411,ARSB,MGI:88075,ARSB,ARSB,1804
412,N/A,N/A,N/A,N/A,1878
4121,MAN1A1,MGI:104677,MAN1A,MAN1A,1282
4122,MAN2A2,MGI:2150656,MAN2A2,MAN2A2,1218
4123,MAN2C1,MGI:1920994,MAN2C1,MAN2C1,102
4124,MAN2A1,MGI:104669,MAN2A1,MAN2A1,1217
4125,MAN2B1,MGI:107286,MAN2B1,MAN2B1,103
4126,MANBA,MGI:88175,MANBA,MANBA,436
4128,MAOA,MGI:96915,MAOA,MAOA,60
4129,MAOB,MGI:96916,MAOB,MAOB,61
4143,MAT1A,MGI:88017,MAT1A,MAT1A,1253
4144,N/A,N/A,N/A,N/A,1255
4166,CHST6,MGI:1931825,CHST5,CHST5,1810
4190,MDH1,MGI:97051,MDH1,MDH1,1244
4191,MDH2,MGI:97050,MDH2,MDH2,1245
4199,ME1,MGI:97043,ME1,ME1,1247
4200,ME2,MGI:2147351,ME2,ME2,1246
4245,MGAT1,MGI:96973,MGAT1,MGAT1,1219
4247,MGAT2,MGI:2384966,MGAT2,MGAT2,1225
4248,MGAT3,MGI:104532,MGAT3,MGAT3,1223
4249,MGAT5,MGI:894701,MGAT5,MGAT5,1224
4257,MGST1,MGI:1913850,MGST1,MGST1,2056
4258,MGST2,MGI:2448481,MGST2,MGST2,1204
4259,MGST3,MGI:1913697,MGST3,MGST3,1202
427,ASAH1,MGI:1277124,ASAH1,ASAH1,342
4284,MIP,MGI:96990,MIP,MIP,1061
43,ACHE,MGI:87876,ACHE,ACHE,137
4329,ALDH6A1,MGI:1915077,ALDH6A1,ALDH6A1,896
435,N/A,N/A,N/A,N/A,336
4351,MPI,MGI:97075,MPI,MPI,1236
4353,MPO,MGI:97137,MPO,MPO,1710
4357,MPST,MGI:2179733,MPST,MPST,1242
4363,ABCC1,MGI:102676,ABCC1,ABCC1,85
438,ASMT,MGI:96090,ASMT,ASMT,166
440,ASNS,MGI:1350929,ASNS,ASNS,349
441024,MTHFD2L,MGI:1915871,MTHFD2L,MTHFD2L,1291
443,ASPA,MGI:87914,ASPA,ASPA,1295
445,ASS1,MGI:88090,ASS1,ASS1,337
4507,MTAP,MGI:1914152,MTAP,MTAP,1289
4512,MT-CO1,MGI:102504,MT-CO1,MT-CO1,2112
4513,MT-CO2,MGI:102503,MT-CO2,MT-CO2,2113
4514,MT-CO3,MGI:102502,MT-CO3,MT-CO3,2115
4519,MT-CYB,MGI:102501,MT-CYTB,MT-CYTB,585
4522,MTHFD1,MGI:1342005,MTHFD1,MTHFD1,817
4524,MTHFR,MGI:106639,MTHFR,MTHFR,1293
4535,MT-ND1,MGI:101787,MT-ND1,MT-ND1,1337
4536,MT-ND2,MGI:102500,MT-ND2,MT-ND2,1333
4537,MT-ND3,MGI:102499,MT-ND3,MT-ND3,1315
4538,MT-ND4,MGI:102498,MT-ND4,MT-ND4,1324
4539,MT-ND4L,MGI:102497,MT-ND4L,MT-ND4L,1319
4540,MT-ND5,MGI:102496;MGI:3782251,MT-ND5;GM4076,MT-ND5,1341
4541,MT-ND6,MGI:102495,MT-ND6,MT-ND6,1318
4548,MTR,MGI:894292,MTR,MTR,1257
4594,MUT,MGI:97239,MUT,MUT,1286
4597,MVD,MGI:2179327,MVD,MVD,728
4598,MVK,MGI:107624,MVK,MVK,1258
4668,NAGA,MGI:1261422,NAGA,NAGA,1348
4669,NAGLU,MGI:1351641,NAGLU,NAGLU,930
4694,NDUFA1,MGI:1929511,NDUFA1,NDUFA1,1307
4695,NDUFA2,MGI:1343103,NDUFA2,NDUFA2,1334
4696,NDUFA3,MGI:1913341,NDUFA3,NDUFA3,1306
4697,NDUFA4,MGI:107686,NDUFA4,NDUFA4,1325
4698,NDUFA5,MGI:1915452,NDUFA5,NDUFA5,1323
47,ACLY,MGI:103251,ACLY,ACLY,140
4700,NDUFA6,MGI:1914380,NDUFA6,NDUFA6,1300
4701,NDUFA7,MGI:1913666,NDUFA7,NDUFA7,1321
4702,NDUFA8,MGI:1915625,NDUFA8,NDUFA8,1335
4704,NDUFA9,MGI:1913358,NDUFA9,NDUFA9,1328
4705,NDUFA10,MGI:1914523,NDUFA10,NDUFA10,1312
4706,NDUFAB1,MGI:1917566,NDUFAB1,NDUFAB1,1339
4707,N/A,N/A,N/A,N/A,1320
4708,NDUFB2,MGI:1915448,NDUFB2,NDUFB2,1336
4709,NDUFB3,MGI:1913745,NDUFB3,NDUFB3,1302
471,ATIC,MGI:1351352,ATIC,ATIC,254
4710,NDUFB4,MGI:1915444,NDUFB4,NDUFB4,1303
4711,NDUFB5,MGI:1913296,NDUFB5,NDUFB5,1330
4712,NDUFB6,MGI:2684983,NDUFB6,NDUFB6,1310
4713,NDUFB7,MGI:1914166,NDUFB7,NDUFB7,1332
4714,NDUFB8,MGI:1914514;MGI:5142003,NDUFB8;GM20538,NDUFB8,1327
4715,NDUFB9,MGI:1913468,NDUFB9,NDUFB9,1297
4716,NDUFB10,MGI:1915592,NDUFB10,NDUFB10,1314
4717,NDUFC1,MGI:1913627,NDUFC1,NDUFC1,1311
4718,NDUFC2,MGI:1344370,NDUFC2,NDUFC2,1305
4719,NDUFS1,MGI:2443241,NDUFS1,NDUFS1,1299
4720,NDUFS2,MGI:2385112,NDUFS2,NDUFS2,1298
4722,NDUFS3,MGI:1915599,NDUFS3,NDUFS3,1317
4723,NDUFV1,MGI:107851,NDUFV1,NDUFV1,1322
4724,NDUFS4,MGI:1343135,NDUFS4,NDUFS4,1331
4725,NDUFS5,MGI:1890889,NDUFS5,NDUFS5,1313
4726,NDUFS6,MGI:107932,NDUFS6,NDUFS6,1304
4728,NDUFS8,MGI:2385079,NDUFS8,NDUFS8,1309
4729,NDUFV2,MGI:1920150,NDUFV2,NDUFV2,1340
4731,NDUFV3,MGI:1890894,NDUFV3,NDUFV3,1338
4758,NEU1,MGI:97305,NEU1,NEU1,847
4759,NEU2,MGI:1344417,NEU2,NEU2,1837
476,ATP1A1,MGI:88105,ATP1A1,ATP1A1,1357
477,ATP1A2,MGI:88106,ATP1A2,ATP1A2,1354
478,ATP1A3,MGI:88107,ATP1A3,ATP1A3,1353
48,ACO1,MGI:87879,ACO1,ACO1,159
480,ATP1A4,MGI:1351335,ATP1A4,ATP1A4,1358
481,ATP1B1,MGI:88108,ATP1B1,ATP1B1,1352
482,ATP1B2,MGI:88109,ATP1B2,ATP1B2,1359
483,ATP1B3,MGI:107788,ATP1B3,ATP1B3,1356
4830,NME1,MGI:5141855;MGI:97355,GM20390;NME1,GM20390,1380
4831,NME2,MGI:97356,NME2,NME2,1379
4832,NME3,MGI:1930182,NME3,NME3,1377
4833,NME4,MGI:1931148,NME4,NME4,1384
4837,NNMT,MGI:1099443,NNMT,NNMT,1394
4842,NOS1,MGI:97360,NOS1,NOS1,1398
4843,NOS2,MGI:97361,NOS2,NOS2,1399
4846,NOS3,MGI:97362,NOS3,NOS3,1396
4860,PNP,MGI:3712328;MGI:97365,PNP2;PNP,PNP2,735
4881,NPR1,MGI:97371,NPR1,NPR1,1035
4882,NPR2,MGI:97372,NPR2,NPR2,1029
4891,SLC11A2,MGI:1345279,SLC11A2,SLC11A2,2135
490,ATP2B1,MGI:104653,ATP2B1,ATP2B1,481
4905,NSF,MGI:104560,NSF,NSF,406
4907,NT5E,MGI:99782,NT5E,NT5E,1410
491,ATP2B2,MGI:105368,ATP2B2,ATP2B2,480
492,ATP2B3,MGI:1347353,ATP2B3,ATP2B3,479
493,ATP2B4,MGI:88111,ATP2B4,ATP2B4,482
4942,OAT,MGI:97394,OAT,OAT,1426
495,ATP4A,MGI:88113,ATP4A,ATP4A,1103
4952,OCRL,MGI:109589,OCRL,OCRL,1594
4953,ODC1,MGI:97402,ODC1,ODC1,1425
496,ATP4B,MGI:88114,ATP4B,ATP4B,1104
4967,OGDH,MGI:1098267,OGDH,OGDH,28
498,ATP5A1,MGI:88115,ATP5A1,ATP5A1,396
50,ACO2,MGI:87880,ACO2,ACO2,160
5009,OTC,MGI:97448,OTC,OTC,1416
501,ALDH7A1,MGI:108186,ALDH7A1,ALDH7A1,293
5019,OXCT1,MGI:1914291,OXCT1,OXCT1,1417
5033,P4HA1,MGI:97463,P4HA1,P4HA1,1714
5034,P4HB,MGI:97464,P4HB,P4HB,1715
5048,PAFAH1B1,MGI:109520,PAFAH1B1,PAFAH1B1,1466
50484,RRM2B,MGI:2155865,RRM2B,RRM2B,1766
50487,PLA2G3,MGI:2444945,PLA2G3,PLA2G3,1192
5049,PAFAH1B2,MGI:108415,PAFAH1B2,PAFAH1B2,1464
5050,PAFAH1B3,MGI:108414,PAFAH1B3,PAFAH1B3,1465
50506,DUOX2,MGI:3036280,DUOX2,DUOX2,1057
5051,PAFAH2,MGI:2140321,PAFAH2,PAFAH2,1463
50515,CHST11,MGI:1927166,CHST11,CHST11,1801
5052,PRDX1,MGI:99523,PRDX1,PRDX1,1007
5053,PAH,MGI:97473,PAH,PAH,1573
506,ATP5B,MGI:107801,ATP5B,ATP5B,397
50614,GALNT9,MGI:2677965,GALNT9,GALNT9,861
50617,ATP6V0A4,MGI:2153480,ATP6V0A4,ATP6V0A4,358
50700,RDH8,MGI:2685028,RDH8,RDH8,1757
50808,AK3,MGI:1860835,AK3,AK3,185
50814,NSDHL,MGI:1099438,NSDHL,NSDHL,476
509,ATP5C1,MGI:1261437,ATP5C1,ATP5C1,398
5091,PC,MGI:97520,PCX,PCX,1477
5092,PCBD1,MGI:94873,PCBD1,PCBD1,1887
50940,PDE11A,MGI:3036251,PDE11A,PDE11A,1503
5095,PCCA,MGI:97499,PCCA,PCCA,1705
5096,PCCB,MGI:1914154,PCCB,PCCB,1704
51,ACOX1,MGI:1330812,ACOX1,ACOX1,154
51004,COQ6,MGI:1924408,COQ6,COQ6,564
51005,AMDHD2,MGI:2443978,AMDHD2,AMDHD2,234
51022,GLRX2,MGI:1916617,GLRX2,GLRX2,638
5105,PCK1,MGI:97501,PCK1,PCK1,1538
51056,LAP3,MGI:1914238,LAP3,LAP3,2131
5106,PCK2,MGI:1860456,PCK2,PCK2,1539
51071,DERA,MGI:1913762,DERA,DERA,730
51079,NDUFA13,MGI:1914434,NDUFA13,NDUFA13,1326
51086,TNNI3K,MGI:2443276,TNNI3K,TNNI3K,759
51102,MECR,MGI:1349441,MECR,MECR,1993
51109,RDH11,MGI:102581,RDH11,RDH11,1754
51146,A4GNT,MGI:2143261,A4GNT,A4GNT,105
51166,AADAT,MGI:1345167,AADAT,AADAT,54
51179,HAO2,MGI:96012,HAO2,HAO2,977
51181,DCXR,MGI:1915130,DCXR,DCXR,1967
51196,PLCE1,MGI:1921305,PLCE1,PLCE1,1604
51205,ACP6,MGI:1931010,ACP6,ACP6,64
51227,PIGP,MGI:1860433,PIGP,PIGP,1626
51251,NT5C3A,MGI:1927186,NT5C3,NT5C3,1409
51268,PIPOX,MGI:1197006,PIPOX,PIPOX,1185
51292,GMPR2,MGI:1917903,GMPR2,GMPR2,992
51296,SLC15A3,MGI:1929691,SLC15A3,SLC15A3,2124
513,ATP5D,MGI:1913293,ATP5D,ATP5D,395
5130,PCYT1A,MGI:88557,PCYT1A,PCYT1A,519
51301,GCNT4,MGI:2684919,GCNT4,GCNT4,569
51302,CYP39A1,MGI:1927096,CYP39A1,CYP39A1,1449
5136,PDE1A,MGI:1201792,PDE1A,PDE1A,1491
5137,PDE1C,MGI:108413,PDE1C,PDE1C,1489
5138,PDE2A,MGI:2446107;MGI:5804952,PDE2A;GM45837,PDE2A,1498
51380,CSAD,MGI:2180098,CSAD,CSAD,68
51382,ATP6V1D,MGI:1921084,ATP6V1D,ATP6V1D,370
5139,PDE3A,MGI:1860764,PDE3A,PDE3A,1482
514,ATP5E,MGI:1855697,ATP5E,ATP5E,399
5140,PDE3B,MGI:1333863,PDE3B,PDE3B,1492
5141,PDE4A,MGI:99558,PDE4A,PDE4A,1497
5142,PDE4B,MGI:99557,PDE4B,PDE4B,1483
5143,PDE4C,MGI:99556,PDE4C,PDE4C,1487
5144,PDE4D,MGI:99555,PDE4D,PDE4D,1490
51447,IP6K2,MGI:1923750,IP6K2,IP6K2,1669
5145,PDE6A,MGI:97524,PDE6A,PDE6A,1512
5146,PDE6C,MGI:105956,PDE6C,PDE6C,1505
5147,PDE6D,MGI:1270843,PDE6D,PDE6D,1528
51477,ISYNA1,MGI:1919030,ISYNA1,ISYNA1,1278
51478,HSD17B7,MGI:1330808,HSD17B7,HSD17B7,1123
5148,PDE6G,MGI:97526,PDE6G,PDE6G,1529
5149,PDE6H,MGI:1925850,PDE6H,PDE6H,1514
515,ATP5F1,MGI:1100495,ATP5F1,ATP5F1,412
5150,PDE7A,MGI:1202402,PDE7A,PDE7A,1486
5151,PDE8A,MGI:1277116,PDE8A,PDE8A,1484
5152,PDE9A,MGI:1277179,PDE9A,PDE9A,1506
51529,ANAPC11,MGI:1913406,ANAPC11,ANAPC11,2047
5153,PDE1B,MGI:97523,PDE1B,PDE1B,1485
51540,SCLY,MGI:1355310,SCLY,SCLY,1827
51550,CINP,MGI:1914486,CINP,CINP,2044
51557,LGSN,MGI:2672844,LGSN,LGSN,955
5158,PDE6B,MGI:97525,PDE6B,PDE6B,1513
516,ATP5G1,MGI:107653,ATP5G1,ATP5G1,410
5160,PDHA1,MGI:97532,PDHA1,PDHA1,1535
51604,PIGT,MGI:1926178,PIGT,PIGT,1075
51606,ATP6V1H,MGI:1914864,ATP6V1H,ATP6V1H,375
5161,PDHA2,MGI:97533,PDHA2,PDHA2,1532
5162,PDHB,MGI:1915513,PDHB,PDHB,1533
5167,ENPP1,MGI:97370,ENPP1,ENPP1,775
5168,ENPP2,MGI:1321390,ENPP2,ENPP2,1937
5169,ENPP3,MGI:2143702,ENPP3,ENPP3,776
517,ATP5G2,MGI:1915192,ATP5G2,ATP5G2,417
51700,CYB5R2,MGI:2444415,CYB5R2,CYB5R2,1975
51703,ACSL5,MGI:1919129,ACSL5,ACSL5,770
51706,CYB5R1,MGI:1919267,CYB5R1,CYB5R1,1974
5172,SLC26A4,MGI:1346029,SLC26A4,SLC26A4,554
51727,CMPK1,MGI:1913838,CMPK1,CMPK1,620
51733,UPB1,MGI:2143535,UPB1,UPB1,471
518,ATP5G3,MGI:2442035,ATP5G3,ATP5G3,413
51805,COQ3,MGI:101813,COQ3,COQ3,563
51809,GALNT7,MGI:1349449,GALNT7,GALNT7,870
5184,PEPD,MGI:97542,PEPD,PEPD,2129
5198,PFAS,MGI:2684864,PFAS,PFAS,1711
52,ACP1,MGI:87881,ACP1,ACP1,162
5207,PFKFB1,MGI:107816,PFKFB1,PFKFB1,794
5208,PFKFB2,MGI:107815;MGI:5580133,PFKFB2;GM29427,PFKFB2,796
5209,PFKFB3,MGI:2181202,PFKFB3,PFKFB3,795
521,ATP5I,MGI:106636,ATP5K,ATP5K,411
5210,PFKFB4,MGI:2687284,PFKFB4,PFKFB4,793
5211,PFKL,MGI:97547,PFKL,PFKL,1545
5213,PFKM,MGI:97548,PFKM,PFKM,1547
5214,PFKP,MGI:1891833,PFKP,PFKP,1544
522,ATP5J,MGI:107777,ATP5J,ATP5J,409
5223,PGAM1,MGI:97552,PGAM1,PGAM1,724
5224,PGAM2,MGI:1933118,PGAM2,PGAM2,725
5226,PGD,MGI:97553,PGD,PGD,996
523,ATP6V1A,MGI:1201780,ATP6V1A,ATP6V1A,374
5230,PGK1,MGI:97555,PGK1,PGK1,1559
5232,PGK2,MGI:97563,PGK2,PGK2,1561
5236,PGM1,MGI:97565,PGM2,PGM2,1564
5238,PGM3,MGI:97566,PGM3,PGM3,134
5244,ABCB4,MGI:97569,ABCB4,ABCB4,1479
525,ATP6V1B1,MGI:103285,ATP6V1B1,ATP6V1B1,379
5250,SLC25A3,MGI:1353498,SLC25A3,SLC25A3,1636
5251,PHEX,MGI:107489,PHEX,PHEX,1411
526,ATP6V1B2,MGI:109618,ATP6V1B2,ATP6V1B2,377
5264,PHYH,MGI:891978,PHYH,PHYH,1574
5265,SERPINA1,MGI:891970;MGI:891968;MGI:891971;MGI:891969;MGI:891967,SERPINA1B;SERPINA1D;SERPINA1A;SERPINA1C;SERPINA1E,SERPINA1B,2015
527,ATP6V0C,MGI:88116,ATP6V0C,ATP6V0C,360
5277,PIGA,MGI:99461,PIGA,PIGA,1628
5279,PIGC,MGI:1914542,PIGC,PIGC,1625
528,ATP6V1C1,MGI:1913585,ATP6V1C1,ATP6V1C1,384
5281,PIGF,MGI:99462,PIGF,PIGF,1066
5283,PIGH,MGI:99463,PIGH,PIGH,1627
5286,PIK3C2A,MGI:1203729,PIK3C2A,PIK3C2A,1615
5287,PIK3C2B,MGI:2685045,PIK3C2B,PIK3C2B,1614
5288,PIK3C2G,MGI:1203730,PIK3C2G,PIK3C2G,1616
5289,PIK3C3,MGI:2445019,PIK3C3,PIK3C3,1624
529,ATP6V1E1,MGI:894326,ATP6V1E1,ATP6V1E1,372
5290,PIK3CA,MGI:1206581,PIK3CA,PIK3CA,1588
5291,PIK3CB,MGI:1922019,PIK3CB,PIK3CB,1583
5293,PIK3CD,MGI:1098211,PIK3CD,PIK3CD,1585
5294,PIK3CG,MGI:1353576,PIK3CG,PIK3CG,1592
5295,PIK3R1,MGI:97583,PIK3R1,PIK3R1,1584
5296,PIK3R2,MGI:1098772,PIK3R2,PIK3R2,1587
5297,PI4KA,MGI:2448506,PI4KA,PI4KA,1581
5298,PI4KB,MGI:1334433,PI4KB,PI4KB,1582
53,ACP2,MGI:87882,ACP2,ACP2,62
5305,PIP4K2A,MGI:1298206,PIP4K2A,PIP4K2A,1622
5313,PKLR,MGI:97604,PKLR,PKLR,1740
5315,PKM,MGI:97591,PKM,PKM,1739
5319,PLA2G1B,MGI:101842,PLA2G1B,PLA2G1B,1654
5320,PLA2G2A,MGI:104642,PLA2G2A,PLA2G2A,1647
5321,PLA2G4A,MGI:1195256,PLA2G4A,PLA2G4A,1182
5322,PLA2G5,MGI:101899,PLA2G5,PLA2G5,1650
533,ATP6V0B,MGI:1890510,ATP6V0B,ATP6V0B,359
5330,PLCB2,MGI:107465,PLCB2,PLCB2,1602
5331,PLCB3,MGI:104778,PLCB3,PLCB3,1607
5332,PLCB4,MGI:107464,PLCB4,PLCB4,1606
5333,PLCD1,MGI:97614,PLCD1,PLCD1,1605
5334,PLCL1,MGI:3036262,PLCL1,PLCL1,1609
53343,NUDT9,MGI:1921417,NUDT9,NUDT9,206
5335,PLCG1,MGI:97615,PLCG1,PLCG1,1603
53354,PANK1,MGI:1922985,PANK1,PANK1,1683
5336,PLCG2,MGI:97616,PLCG2,PLCG2,1597
5337,PLD1,MGI:109585,PLD1,PLD1,1471
5338,PLD2,MGI:892877,PLD2,PLD2,1470
534,ATP6V1G2,MGI:1913487,ATP6V1G2,ATP6V1G2,383
5340,PLG,MGI:97620,PLG,PLG,2021
535,ATP6V0A1,MGI:103286,ATP6V0A1,ATP6V0A1,364
5351,PLOD1,MGI:99907,PLOD1,PLOD1,1474
5352,PLOD2,MGI:1347007,PLOD2,PLOD2,1473
53630,BCO1,MGI:1926923,BCO1,BCO1,452
5372,PMM1,MGI:1353418,PMM1,PMM1,1663
5373,PMM2,MGI:1859214,PMM2,PMM2,1664
539,ATP5O,MGI:106341,ATP5O,ATP5O,429
53905,DUOX1,MGI:2139422,DUOX1,DUOX1,1056
53919,SLCO1C1,MGI:1889679,SLCO1C1,SLCO1C1,750
53947,A4GALT,MGI:3512453,A4GALT,A4GALT,104
54,ACP5,MGI:87883,ACP5,ACP5,65
54020,SLC37A1,MGI:2446181,SLC37A1,SLC37A1,2038
5406,PNLIP,MGI:97722,PNLIP,PNLIP,1197
5407,PNLIPRP1,MGI:97723,PNLIPRP1,PNLIPRP1,1194
5408,PNLIPRP2,MGI:1336202,PNLIPRP2,PNLIPRP2,1196
5409,PNMT,MGI:97724,PNMT,PNMT,1395
54187,NANS,MGI:2149820,NANS,NANS,142
54344,DPM3,MGI:1915813,DPM3,DPM3,706
54363,HAO1,MGI:96011,HAO1,HAO1,976
54407,SLC38A2,MGI:1915010,SLC38A2,SLC38A2,273
54480,CHPF2,MGI:1917522,CHPF2,CHPF2,922
54490,UGT2B28,MGI:2140962;MGI:1919023;MGI:3576100;MGI:3576103;MGI:98900;MGI:2148239;MGI:2140794,UGT2B34;UGT2B1;UGT2B35;UGT2B36;UGT2B5;UGT2B37;UGT2B38,UGT2B34,1950
54511,HMGCLL1,MGI:2446108,HMGCLL1,HMGCLL1,1112
54539,NDUFB11,MGI:1913596;MGI:1349919,1700029P11RIK;NDUFB11,1700029P11RIK,1345
54575,UGT1A10,MGI:3576090;MGI:3580642;MGI:3576092,UGT1A8;UGT1A10;UGT1A9,UGT1A8,1941
54576,UGT1A8,MGI:3576090;MGI:3580642;MGI:3576092,UGT1A8;UGT1A10;UGT1A9,UGT1A8,1940
54577,UGT1A7,MGI:3576090;MGI:3580642;MGI:3576092,UGT1A8;UGT1A10;UGT1A9,UGT1A8,1947
54578,UGT1A6,MGI:3032636;MGI:3580629;MGI:2137698,UGT1A7C;UGT1A6B;UGT1A6A,UGT1A7C,1942
54579,UGT1A5,MGI:3576049;MGI:3032634,UGT1A2;UGT1A5,UGT1A2,1943
54600,UGT1A9,MGI:3576090;MGI:3580642;MGI:3576092,UGT1A8;UGT1A10;UGT1A9,UGT1A8,1944
5464,PPA1,MGI:97831,PPA1,PPA1,1691
54657,UGT1A4,MGI:3576049;MGI:3032634,UGT1A2;UGT1A5,UGT1A2,1948
54658,UGT1A1,MGI:98898,UGT1A1,UGT1A1,1945
54659,UGT1A3,MGI:3576049;MGI:3032634,UGT1A2;UGT1A5,UGT1A2,1946
54675,CRLS1,MGI:1913836,CRLS1,CRLS1,558
54677,CROT,MGI:1921364,CROT,CROT,578
54682,MANSC1,MGI:1914979,MANSC1,MANSC1,542
5471,PPAT,MGI:2387203,PPAT,PPAT,966
54716,SLC6A20,MGI:1336891;MGI:2143217,SLC6A20B;SLC6A20A,SLC6A20B,2122
5476,CTSA,MGI:97748,CTSA,CTSA,844
548596,CKMT1A,MGI:99441,CKMT1,CKMT1,551
54872,PIGG,MGI:3576484,PIGG,PIGG,1069
54898,ELOVL2,MGI:1858960,ELOVL2,ELOVL2,780
549,AUH,MGI:1338011,AUH,AUH,473
54963,UCKL1,MGI:1915806,UCKL1,UCKL1,1961
54965,PIGX,MGI:1919334,PIGX,PIGX,1004
5498,PPOX,MGI:104968,PPOX,PPOX,1707
54981,NMRK1,MGI:2147434,NMRK1,NMRK1,1767
54995,OXSM,MGI:1918397,OXSM,OXSM,2030
55,ACPP,MGI:1928480,ACPP,ACPP,63
55065,SLC52A1,MGI:1289288,SLC52A2,SLC52A2,2134
55089,SLC38A4,MGI:1916604,SLC38A4,SLC38A4,278
55163,PNPO,MGI:2144151,PNPO,PNPO,1536
55191,NADSYN1,MGI:1926164,NADSYN1,NADSYN1,1347
55217,TMLHE,MGI:2180203,TMLHE,TMLHE,1902
55224,ETNK2,MGI:2443760,ETNK2,ETNK2,757
55229,PANK4,MGI:2387466,PANK4,PANK4,1689
55268,ECHDC2,MGI:1289238,ECHDC2,ECHDC2,53
55276,PGM2,MGI:97564,PGM1,PGM1,1565
55293,UEVLD,MGI:1860490,UEVLD,UEVLD,15
55301,OLAH,MGI:2139018,OLAH,OLAH,765
55304,SPTLC3,MGI:2444678,SPTLC3,SPTLC3,1834
55312,RFK,MGI:1914688,RFK,RFK,1748
55315,SLC29A3,MGI:1918529,SLC29A3,SLC29A3,174
55326,AGPAT5,MGI:1196345,AGPAT5,AGPAT5,241
55343,SLC35C1,MGI:2443301,SLC35C1,SLC35C1,903
55349,CHDH,MGI:1860776,CHDH,CHDH,527
55350,VNN3,MGI:1347055,VNN3,VNN3,1677
55361,PI4K2A,MGI:1934031,PI4K2A,PI4K2A,1580
5538,PPT1,MGI:1298204,PPT1,PPT1,1989
55454,CSGALNACT2,MGI:1926002,CSGALNACT2,CSGALNACT2,854
55500,ETNK1,MGI:1922570,ETNK1,ETNK1,756
55501,CHST12,MGI:1929064,CHST12,CHST12,1803
55512,SMPD3,MGI:1927578,SMPD3,SMPD3,1842
55568,GALNT10,MGI:1890480,GALNT10,GALNT10,863
55577,NAGK,MGI:1860418,NAGK,NAGK,133
55586,MIOX,MGI:1891725,MIOX,MIOX,1155
55627,SMPD4,MGI:1924876,SMPD4,SMPD4,1845
55650,PIGV,MGI:2442480,PIGV,PIGV,1055
55748,CNDP2,MGI:1913304,CNDP2,CNDP2,1366
55790,CSGALNACT1,MGI:2442354,CSGALNACT1,CSGALNACT1,853
55808,ST6GALNAC1,MGI:1341826,ST6GALNAC1,ST6GALNAC1,1403
55811,ADCY10,MGI:2660854,ADCY10,ADCY10,188
55825,PECR,MGI:2148199,PECR,PECR,1992
55902,ACSS2,MGI:1890410,ACSS2,ACSS2,127
55907,CMAS,MGI:1337124,CMAS,CMAS,560
55967,NDUFA12,MGI:1913664,NDUFA12,NDUFA12,1301
56052,ALG1,MGI:2384774,ALG1,ALG1,457
5625,PRODH,MGI:97770,PRODH,PRODH,1713
56267,KYAT3,MGI:2677849,KYAT3,KYAT3,2053
56301,SLC7A10,MGI:1858261,SLC7A10,SLC7A10,265
5631,PRPS1,MGI:97775,PRPS1,PRPS1,1720
5634,PRPS2,MGI:97776,PRPS2,PRPS2,1722
56474,CTPS2,MGI:1933185,CTPS2,CTPS2,582
56548,CHST7,MGI:1891767,CHST7,CHST7,1813
56603,CYP26B1,MGI:2176159,CYP26B1,CYP26B1,2062
56606,SLC2A9,MGI:2152844,SLC2A9,SLC2A9,940
56623,INPP5E,MGI:1927753,INPP5E,INPP5E,1268
56848,SPHK2,MGI:1861380,SPHK2,SPHK2,1840
56894,AGPAT3,MGI:1336186,AGPAT3,AGPAT3,239
56895,AGPAT4,MGI:1915512,AGPAT4,AGPAT4,238
56913,C1GALT1,MGI:2151071,C1GALT1,C1GALT1,1294
56922,MCCC1,MGI:1919289,MCCC1,MCCC1,1237
56953,NT5M,MGI:1917127,NT5M,NT5M,1412
56954,NIT2,MGI:1261838,NIT2,NIT2,1977
56994,CHPT1,MGI:2384841,CHPT1,CHPT1,508
570,BAAT,MGI:106642,BAAT,BAAT,448
57026,N/A,N/A,N/A,N/A,1134
57030,SLC17A7,MGI:1920211,SLC17A7,SLC17A7,973
57084,SLC17A6,MGI:2156052,SLC17A6,SLC17A6,971
57094,CPA6,MGI:3045348,CPA6,CPA6,2077
57127,RHBG,MGI:1927379;MGI:5613632,RHBG;GM38392,RHBG,1385
57134,MAN1C1,MGI:2446214,MAN1C1,MAN1C1,1283
57171,DOLPP1,MGI:1914093,DOLPP1,DOLPP1,700
57194,ATP10A,MGI:1330809,ATP10A,ATP10A,1469
5723,PSPH,MGI:97788,PSPH,PSPH,1727
5728,PTEN,MGI:109583,PTEN,PTEN,1575
57282,SLC4A10,MGI:2150150,SLC4A10,SLC4A10,1350
5730,PTGDS,MGI:99261,PTGDS,PTGDS,1549
57379,AICDA,MGI:1342279,AICDA,AICDA,617
57393,TMEM27,MGI:1926234,TMEM27,TMEM27,281
5740,PTGIS,MGI:1097156,PTGIS,PTGIS,1558
57419,SLC24A3,MGI:2137513,SLC24A3,SLC24A3,1369
5742,PTGS1,MGI:97797,PTGS1,PTGS1,1569
5743,PTGS2,MGI:97798,PTGS2,PTGS2,1568
57468,SLC12A5,MGI:1862037,SLC12A5,SLC12A5,1167
57486,NLN,MGI:1923055,NLN,NLN,2052
57571,CARNS1,MGI:2147595,CARNS1,CARNS1,1987
57665,RDH14,MGI:1920402,RDH14,RDH14,1756
57678,GPAM,MGI:109162,GPAM,GPAM,998
57733,N/A,N/A,N/A,N/A,453
57818,G6PC2,MGI:1277193,G6PC2,G6PC2,498
57834,CYP4F11,MGI:2146921;MGI:1919304;MGI:3645508;MGI:1927669,CYP4F15;CYP4F18;CYP4F40;CYP4F14,CYP4F15,2073
57835,SLC4A5,MGI:2443220,SLC4A5,SLC4A5,23
5805,PTS,MGI:1338783,PTS,PTS,1735
5825,ABCD3,MGI:1349216,ABCD3,ABCD3,2040
5831,PYCR1,MGI:2384795,PYCR1,PYCR1,1461
5832,ALDH18A1,MGI:1888908,ALDH18A1,ALDH18A1,244
5833,PCYT2,MGI:1915921,PCYT2,PCYT2,748
5834,PYGB,MGI:97828,PYGB,PYGB,956
5836,PYGL,MGI:97829,PYGL,PYGL,958
5837,PYGM,MGI:97830,PYGM,PYGM,957
58508,KMT2C,MGI:2444959,KMT2C,KMT2C,1206
58510,PRODH2,MGI:1929093,PRODH2,PRODH2,1717
586,BCAT1,MGI:104861,BCAT1,BCAT1,1149
5860,QDPR,MGI:97836,QDPR,QDPR,675
587,BCAT2,MGI:1276534,BCAT2,BCAT2,1150
59272,ACE2,MGI:1917258,ACE2,ACE2,282
593,BCKDHA,MGI:107701,BCKDHA,BCKDHA,1421
594,BCKDHB,MGI:88137,BCKDHB,BCKDHB,1420
5947,RBP1,MGI:97876,RBP1,RBP1,1761
5948,RBP2,MGI:97877,RBP2,RBP2,1762
5950,RBP4,MGI:97879,RBP4,RBP4,1759
5959,RDH5,MGI:1201412,RDH5,RDH5,1749
5973,RENBP,MGI:105940,RENBP,RENBP,131
6005,RHAG,MGI:1202713,RHAG,RHAG,1386
60386,SLC25A19,MGI:1914533,SLC25A19,SLC25A19,695
60481,ELOVL5,MGI:1916051,ELOVL5,ELOVL5,779
60482,SLC5A7,MGI:1927126,SLC5A7,SLC5A7,532
60490,PPCDC,MGI:1914062,PPCDC,PPCDC,1703
60496,AASDHPPT,MGI:1914868,AASDHPPT,AASDHPPT,1998
60559,SPCS3,MGI:1923937,SPCS3,SPCS3,1658
6120,RPE,MGI:1913896,RPE,RPE,1768
6184,RPN1,MGI:98084,RPN1,RPN1,698
6185,RPN2,MGI:98085,RPN2,RPN2,696
622,BDH1,MGI:1919161,BDH1,BDH1,454
6240,RRM1,MGI:98180,RRM1,RRM1,1764
6241,RRM2,MGI:98181,RRM2,RRM2,1765
6303,SAT1,MGI:98233,SAT1,SAT1,1736
6307,MSMO1,MGI:1913484,MSMO1,MSMO1,478
6309,SC5D,MGI:1353611,SC5D,SC5D,1199
6319,SCD,MGI:2670997;MGI:98240;MGI:98239;MGI:1353437,SCD4;SCD2;SCD1;SCD3,SCD4,647
6342,SCP2,MGI:98254,SCP2,SCP2,1825
635,BHMT,MGI:1339972;MGI:3643681,BHMT;GM5096,BHMT,459
6389,SDHA,MGI:1914195,SDHA,SDHA,1879
6390,SDHB,MGI:1914930,SDHB,SDHB,1882
6391,SDHC,MGI:1913302,SDHC,SDHC,1881
63917,GALNT11,MGI:2444392,GALNT11,GALNT11,872
6392,SDHD,MGI:1914175,SDHD,SDHD,1880
64064,OXCT2,MGI:2664115;MGI:1891061,OXCT2B;OXCT2A,OXCT2B,1418
64077,LHPP,MGI:1923679,LHPP,LHPP,1692
64078,SLC28A3,MGI:2137361,SLC28A3,SLC28A3,203
64080,RBKS,MGI:1918586,RBKS,RBKS,729
64087,MCCC2,MGI:1925288,MCCC2,MCCC2,1238
64131,XYLT1,MGI:2451073,XYLT1,XYLT1,1965
64132,XYLT2,MGI:2444797,XYLT2,XYLT2,1966
641371,ACOT1,MGI:2159605;MGI:1349396;MGI:2159619;MGI:2384969,ACOT2;ACOT1;ACOT3;ACOT5,ACOT2,1990
641372,ACOT6,MGI:1921287,ACOT6,ACOT6,2041
641649,TMEM91,MGI:2443589,TMEM91,TMEM91,1999
64220,STRA6,MGI:107742,STRA6,STRA6,1760
64240,ABCG5,MGI:1351659,ABCG5,ABCG5,538
64241,ABCG8,MGI:1914720,ABCG8,ABCG8,539
644,BLVRA,MGI:88170,BLVRA,BLVRA,465
6448,SGSH,MGI:1350341,SGSH,SGSH,1116
64499,TPSB2,MGI:96943;MGI:96942,TPSAB1;TPSB2,TPSAB1,2081
645,BLVRB,MGI:2385271,BLVRB,BLVRB,464
645740,N/A,N/A,N/A,N/A,1401
64579,NDST4,MGI:1932545,NDST4,NDST4,931
64600,PLA2G2F,MGI:1349661,PLA2G2F,PLA2G2F,1651
6470,SHMT1,MGI:98299,SHMT1,SHMT1,914
64711,HS3ST6,MGI:3580487,HS3ST6,HS3ST6,1799
6472,SHMT2,MGI:1277989,SHMT2,SHMT2,916
6476,SI,MGI:1917233,SIS,SIS,1415
64772,ENGASE,MGI:2443788,ENGASE,ENGASE,743
64781,CERK,MGI:2386052,CERK,CERK,509
6480,ST6GAL1,MGI:108470,ST6GAL1,ST6GAL1,1786
64802,NMNAT1,MGI:1913704,NMNAT1,NMNAT1,1390
64816,CYP3A43,MGI:88610;MGI:3646373;MGI:106099;MGI:3714859;MGI:1858451;MGI:2449818;MGI:88609;MGI:1930638;MGI:3769707,CYP3A13;CYP3A57;CYP3A16;CYP3A41B;CYP3A41A;CYP3A44;CYP3A11;CYP3A25;CYP3A59,CYP3A13,1450
6482,ST3GAL1,MGI:98304,ST3GAL1,ST3GAL1,1772
6483,ST3GAL2,MGI:99427,ST3GAL2,ST3GAL2,1773
64834,ELOVL1,MGI:1858959,ELOVL1,ELOVL1,2046
6484,ST3GAL4,MGI:1316743,ST3GAL4,ST3GAL4,1771
64841,GNPNAT1,MGI:1858963,GNPNAT1,GNPNAT1,132
64849,SLC13A3,MGI:2149635,SLC13A3,SLC13A3,258
64850,ETNPPL,MGI:1919010,ETNPPL,ETNPPL,247
6487,ST3GAL3,MGI:1316659,ST3GAL3,ST3GAL3,1775
6489,ST8SIA1,MGI:106011,ST8SIA1,ST8SIA1,1876
64902,AGXT2,MGI:2146052,AGXT2,AGXT2,246
65010,SLC26A6,MGI:2159728,SLC26A6,SLC26A6,555
6505,SLC1A1,MGI:105083,SLC1A1,SLC1A1,354
6506,SLC1A2,MGI:101931,SLC1A2,SLC1A2,356
6507,SLC1A3,MGI:99917,SLC1A3,SLC1A3,355
6508,SLC4A3,MGI:109350,SLC4A3,SLC4A3,1086
6509,SLC1A4,MGI:2135601,SLC1A4,SLC1A4,264
6510,SLC1A5,MGI:105305,SLC1A5,SLC1A5,263
6511,SLC1A6,MGI:1096331,SLC1A6,SLC1A6,353
6512,SLC1A7,MGI:2444087,SLC1A7,SLC1A7,357
6513,SLC2A1,MGI:95755,SLC2A1,SLC2A1,659
6514,SLC2A2,MGI:1095438,SLC2A2,SLC2A2,807
6515,SLC2A3,MGI:95757,SLC2A3,SLC2A3,658
6517,SLC2A4,MGI:95758,SLC2A4,SLC2A4,660
6518,SLC2A5,MGI:1928369,SLC2A5,SLC2A5,809
6519,SLC3A1,MGI:1195264,SLC3A1,SLC3A1,324
6520,SLC3A2,MGI:96955,SLC3A2,SLC3A2,266
6521,SLC4A1,MGI:109393,SLC4A1,SLC4A1,1085
6522,SLC4A2,MGI:109351,SLC4A2,SLC4A2,1083
65220,NADK,MGI:2183149,NADK,NADK,1346
6523,SLC5A1,MGI:107678,SLC5A1,SLC5A1,878
6524,SLC5A2,MGI:2181411,SLC5A2,SLC5A2,880
6526,SLC5A3,MGI:1858226,SLC5A3,SLC5A3,946
65263,PYCR3,MGI:1913444,PYCRL,PYCRL,2138
6528,SLC5A5,MGI:2149330,SLC5A5,SLC5A5,1351
6529,SLC6A1,MGI:95627,SLC6A1,SLC6A1,110
6530,SLC6A2,MGI:1270850,SLC6A2,SLC6A2,719
6531,SLC6A3,MGI:94862,SLC6A3,SLC6A3,720
6532,SLC6A4,MGI:96285,SLC6A4,SLC6A4,1870
6533,SLC6A6,MGI:98488,SLC6A6,SLC6A6,1885
6534,SLC6A7,MGI:2147363,SLC6A7,SLC6A7,2109
6535,SLC6A8,MGI:2147834,SLC6A8,SLC6A8,572
6536,SLC6A9,MGI:95760,SLC6A9,SLC6A9,988
6538,SLC6A11,MGI:95630,SLC6A11,SLC6A11,111
6539,SLC6A12,MGI:95628,SLC6A12,SLC6A12,113
6540,SLC6A13,MGI:95629,SLC6A13,SLC6A13,112
6541,SLC7A1,MGI:88117,SLC7A1,SLC7A1,276
6542,SLC7A2,MGI:99828,SLC7A2,SLC7A2,274
6543,SLC8A2,MGI:107996,SLC8A2,SLC8A2,494
6546,SLC8A1,MGI:107956,SLC8A1,SLC8A1,491
6547,SLC8A3,MGI:107976,SLC8A3,SLC8A3,488
6548,SLC9A1,MGI:102462,SLC9A1,SLC9A1,1361
6549,SLC9A2,MGI:105075,SLC9A2,SLC9A2,1363
6550,SLC9A3,MGI:105064,SLC9A3,SLC9A3,1362
6553,SLC9A5,MGI:2685542,SLC9A5,SLC9A5,1364
6554,SLC10A1,MGI:97379,SLC10A1,SLC10A1,522
6555,SLC10A2,MGI:1201406,SLC10A2,SLC10A2,523
6556,SLC11A1,MGI:1345275,SLC11A1,SLC11A1,2036
6557,SLC12A1,MGI:103150,SLC12A1,SLC12A1,1387
6558,SLC12A2,MGI:101924,SLC12A2,SLC12A2,1388
6559,SLC12A3,MGI:108114,SLC12A3,SLC12A3,1367
6560,SLC12A4,MGI:1309465,SLC12A4,SLC12A4,1164
6561,SLC13A1,MGI:1859937,SLC13A1,SLC13A1,1830
6563,SLC14A1,MGI:1351654,SLC14A1,SLC14A1,1959
6564,SLC15A1,MGI:1861376,SLC15A1,SLC15A1,2123
6565,SLC15A2,MGI:1890457,SLC15A2,SLC15A2,512
6566,SLC16A1,MGI:106013,SLC16A1,SLC16A1,22
6567,SLC16A2,MGI:1203732,SLC16A2,SLC16A2,1895
6568,SLC17A1,MGI:103209,SLC17A1,SLC17A1,1643
6569,SLC34A1,MGI:1345284,SLC34A1,SLC34A1,1644
6570,SLC18A1,MGI:106684,SLC18A1,SLC18A1,93
6571,SLC18A2,MGI:106677,SLC18A2,SLC18A2,94
6572,SLC18A3,MGI:1101061,SLC18A3,SLC18A3,139
6573,SLC19A1,MGI:103182,SLC19A1,SLC19A1,87
6574,SLC20A1,MGI:108392,SLC20A1,SLC20A1,2106
6575,SLC20A2,MGI:97851,SLC20A2,SLC20A2,2107
6576,SLC25A1,MGI:1345283,SLC25A1,SLC25A1,548
6578,SLCO2A1,MGI:1346021,SLCO2A1,SLCO2A1,1718
6579,SLCO1A2,MGI:1351891;MGI:3647159;MGI:1351906;MGI:1351865;MGI:3643685;MGI:1351896,SLCO1A1;GM6614;SLCO1A6;SLCO1A5;GM5724;SLCO1A4,SLCO1A1,521
6580,SLC22A1,MGI:108111,SLC22A1,SLC22A1,1402
6581,SLC22A3,MGI:1333817,SLC22A3,SLC22A3,721
6582,SLC22A2,MGI:1335072,SLC22A2,SLC22A2,533
6583,SLC22A4,MGI:1353479,SLC22A4,SLC22A4,575
6584,SLC22A5,MGI:1329012;MGI:1929481,SLC22A5;SLC22A21,SLC22A5,534
65985,AACS,MGI:1926144,AACS,AACS,106
66002,CYP4F12,MGI:2146921;MGI:1919304;MGI:3645508;MGI:1927669,CYP4F15;CYP4F18;CYP4F40;CYP4F14,CYP4F15,1456
66035,N/A,N/A,N/A,N/A,810
6609,SMPD1,MGI:98325,SMPD1,SMPD1,1846
6610,SMPD2,MGI:1278330,SMPD2,SMPD2,1847
6611,SMS,MGI:109490,SMS,SMS,1863
6646,SOAT1,MGI:104665,SOAT1,SOAT1,1857
6647,SOD1,MGI:98351,SOD1,SOD1,1859
6648,SOD2,MGI:98352,SOD2,SOD2,1861
6649,SOD3,MGI:103181,SOD3,SOD3,1860
6652,SORD,MGI:98266,SORD,SORD,1824
6675,UAP1,MGI:1334459,UAP1,UAP1,1927
669,BPGM,MGI:1098242,BPGM,BPGM,723
6697,SPR,MGI:103078,SPR,SPR,1862
6713,SQLE,MGI:109296,SQLE,SQLE,1864
6715,SRD5A1,MGI:98400,SRD5A1,SRD5A1,1866
6716,SRD5A2,MGI:2150380,SRD5A2,SRD5A2,1867
6718,AKR1D1,MGI:2384785,AKR1D1,AKR1D1,262
6723,SRM,MGI:102690,SRM,SRM,1858
6783,SULT1E1,MGI:98431,SULT1E1,SULT1E1,669
6785,ELOVL4,MGI:1933331,ELOVL4,ELOVL4,777
6799,SULT1A2,MGI:102896,SULT1A1,SULT1A1,76
6817,SULT1A1,MGI:102896,SULT1A1,SULT1A1,77
6818,SULT1A3,MGI:102896,SULT1A1,SULT1A1,11
682,BSG,MGI:88208,BSG,BSG,1178
6820,SULT2B1,MGI:1926342,SULT2B1,SULT2B1,536
6821,SUOX,MGI:2446117,SUOX,SUOX,1883
6822,SULT2A1,MGI:98430;MGI:3645854;MGI:3645873;MGI:3648915;MGI:1924221;MGI:3645246,SULT2A1;SULT2A4;SULT2A3;SULT2A6;SULT2A8;SULT2A7,SULT2A1,86
6833,ABCC8,MGI:1352629,ABCC8,ABCC8,2034
6839,SUV39H1,MGI:1099440,SUV39H1,SUV39H1,1212
686,BTD,MGI:1347001,BTD,BTD,468
6888,TALDO1,MGI:1274789,TALDO1,TALDO1,1884
6898,TAT,MGI:98487,TAT,TAT,1572
6916,TBXAS1,MGI:98497,TBXAS1,TBXAS1,1920
6999,TDO2,MGI:1928486,TDO2,TDO2,1917
7001,PRDX2,MGI:109486;MGI:3779476,PRDX2;GM5225,PRDX2,1006
7037,TFRC,MGI:98822,TFRC,TFRC,2023
7054,TH,MGI:98735,TH,TH,1921
7083,TK1,MGI:98763,TK1,TK1,733
7084,TK2,MGI:1913266,TK2,TK2,734
7086,TKT,MGI:105992,TKT,TKT,1896
7108,TM7SF2,MGI:1920416,TM7SF2,TM7SF2,472
7166,TPH1,MGI:98796,TPH1,TPH1,1915
7167,TPI1,MGI:98797,TPI1,TPI1,1903
7173,TPO,MGI:98813,TPO,TPO,1143
7177,TPSAB1,MGI:96943;MGI:96942,TPSAB1;TPSB2,TPSAB1,2080
7263,TST,MGI:98852,TST,TST,2006
7264,TSTA3,MGI:98857,TSTA3,TSTA3,906
728441,GGT1;GGT2,MGI:95706,GGT1,GGT1,1980
7295,TXN,MGI:98874,TXN1,TXN1,2028
7296,TXNRD1,MGI:1354175,TXNRD1,TXNRD1,1905
7298,TYMS,MGI:98878,TYMS,TYMS,1901
7299,TYR,MGI:98880,TYR,TYR,718
7306,TYRP1,MGI:98881,TYRP1,TYRP1,1924
7350,UCP1,MGI:98894,UCP1,UCP1,1132
7351,UCP2,MGI:109354,UCP2,UCP2,1130
7352,UCP3,MGI:1099787,UCP3,UCP3,1128
7355,SLC35A2,MGI:1345297,SLC35A2,SLC35A2,1930
7357,UGCG,MGI:1332243,UGCG,UGCG,1939
7358,UGDH,MGI:1306785,UGDH,UGDH,1931
7360,UGP2,MGI:2183447,UGP2,UGP2,882
7363,UGT2B4,MGI:2140962;MGI:1919023;MGI:3576100;MGI:3576103;MGI:98900;MGI:2148239;MGI:2140794,UGT2B34;UGT2B1;UGT2B35;UGT2B36;UGT2B5;UGT2B37;UGT2B38,UGT2B34,1953
7364,UGT2B7,MGI:2140962;MGI:1919023;MGI:3576100;MGI:3576103;MGI:98900;MGI:2148239;MGI:2140794,UGT2B34;UGT2B1;UGT2B35;UGT2B36;UGT2B5;UGT2B37;UGT2B38,UGT2B34,1949
7365,UGT2B10,MGI:2140962;MGI:1919023;MGI:3576100;MGI:3576103;MGI:98900;MGI:2148239;MGI:2140794,UGT2B34;UGT2B1;UGT2B35;UGT2B36;UGT2B5;UGT2B37;UGT2B38,UGT2B34,1954
7366,UGT2B15,MGI:2140962;MGI:1919023;MGI:3576100;MGI:3576103;MGI:98900;MGI:2148239;MGI:2140794,UGT2B34;UGT2B1;UGT2B35;UGT2B36;UGT2B5;UGT2B37;UGT2B38,UGT2B34,1955
7367,UGT2B17,MGI:2140962;MGI:1919023;MGI:3576100;MGI:3576103;MGI:98900;MGI:2148239;MGI:2140794,UGT2B34;UGT2B1;UGT2B35;UGT2B36;UGT2B5;UGT2B37;UGT2B38,UGT2B34,1951
7368,UGT8,MGI:109522,UGT8A,UGT8A,2089
7371,UCK2,MGI:1931744,UCK2,UCK2,618
7372,UMPS,MGI:1298388,UMPS,UMPS,1423
7378,UPP1,MGI:1097668,UPP1,UPP1,1744
7381,UQCRB,MGI:1914780,UQCRB,UQCRB,592
7384,UQCRC1,MGI:107876,UQCRC1,UQCRC1,583
7385,UQCRC2,MGI:1914253,UQCRC2,UQCRC2,588
7386,UQCRFS1,MGI:1913944,UQCRFS1,UQCRFS1,590
7388,UQCRH,MGI:1913826,UQCRH,UQCRH,584
7389,UROD,MGI:98916,UROD,UROD,1957
7390,UROS,MGI:98917,UROS,UROS,1956
7498,XDH,MGI:98973,XDH,XDH,1963
759,CA1,MGI:88268,CAR1,CAR1,1047
760,CA2,MGI:88269,CAR2,CAR2,1049
761,CA3,MGI:88270,CAR3,CAR3,1039
762,CA4,MGI:1096574,CAR4,CAR4,1042
763,CA5A,MGI:101946,CAR5A,CAR5A,1051
765,CA6,MGI:1333786,CAR6,CAR6,1050
766,CA7,MGI:103100,CAR7,CAR7,1043
767,CA8,MGI:88253,CAR8,CAR8,2031
768,CA9,MGI:2447188,CAR9,CAR9,1048
771,CA12,MGI:1923709,CAR12,CAR12,1040
7779,SLC30A1,MGI:1345281,SLC30A1,SLC30A1,2037
7841,MOGS,MGI:1929872,MOGS,MOGS,1259
788,SLC25A20,MGI:1928738,SLC25A20,SLC25A20,165
790,CAD,MGI:1916969,CAD,CAD,352
79017,GGCT,MGI:95700,GGCT,GGCT,908
79053,ALG8,MGI:2141959,ALG8,ALG8,702
79071,ELOVL6,MGI:2156528,ELOVL6,ELOVL6,778
79077,DCTPP1,MGI:1913672,DCTPP1,DCTPP1,1375
79087,ALG12,MGI:2385025,ALG12,ALG12,715
7915,ALDH5A1,MGI:2441982,ALDH5A1,ALDH5A1,897
79178,THTPA,MGI:2446078,THTPA,THTPA,1892
7923,HSD17B8,MGI:95911,H2-KE6,H2-KE6,1121
79369,B3GNT4,MGI:2680208,B3GNT4,B3GNT4,225
7941,PLA2G7,MGI:1351327,PLA2G7,PLA2G7,1467
79581,SLC52A2,MGI:1289288,SLC52A2,SLC52A2,2133
79586,CHPF,MGI:106576,CHPF,CHPF,855
79611,ACSS3,MGI:2685720,ACSS3,ACSS3,130
79623,GALNT14,MGI:1918935,GALNT14,GALNT14,871
79646,PANK3,MGI:2387464,PANK3,PANK3,1681
79695,GALNT12,MGI:2444664,GALNT12,GALNT12,859
79717,PPCS,MGI:1915237,PPCS,PPCS,1706
79723,SUV39H2,MGI:1890396,SUV39H2,SUV39H2,1207
79751,SLC25A22,MGI:1915517,SLC25A22,SLC25A22,968
79813,EHMT1,MGI:1924933,EHMT1,EHMT1,1214
79814,AGMAT,MGI:1923236,AGMAT,AGMAT,235
79837,PIP4K2C,MGI:2152214,PIP4K2C,PIP4K2C,1620
79896,THNSL1,MGI:2139347,THNSL1,THNSL1,1894
79901,CYBRD1,MGI:2654575,CYBRD1,CYBRD1,800
7991,TUSC3,MGI:1933134,TUSC3,TUSC3,1316
79966,N/A,N/A,N/A,N/A,2003
80025,PANK2,MGI:1921700,PANK2,PANK2,1682
80055,PGAP1,MGI:2443342,PGAP1,PGAP1,1002
80142,PTGES2,MGI:1917592,PTGES2,PTGES2,1551
80146,UXS1,MGI:1915133,UXS1,UXS1,1936
80150,ASRGL1,MGI:1913764,ASRGL1,ASRGL1,348
80162,PGGHG,MGI:2444047,PGGHG,PGGHG,1913
80168,MOGAT2,MGI:2663253,MOGAT2,MOGAT2,1288
80201,HKDC1,MGI:2384910,HKDC1,HKDC1,1089
80235,PIGZ,MGI:2443822,PIGZ,PIGZ,1070
80270,HSD3B7,MGI:2141879,HSD3B7,HSD3B7,1126
80271,ITPKC,MGI:2442554,ITPKC,ITPKC,1272
8029,CUBN,MGI:1931256,CUBN,CUBN,8
80308,FLAD1,MGI:2443030,FLAD1,FLAD1,803
80339,PNPLA3,MGI:2151796,PNPLA3,PNPLA3,1189
8034,SLC25A16,MGI:1920382,SLC25A16,SLC25A16,561
80347,COASY,MGI:1918993,COASY,COASY,722
8050,PDHX,MGI:1351627,PDHX,PDHX,30
80704,SLC19A3,MGI:1931307,SLC19A3,SLC19A3,470
80724,ACAD10,MGI:2443320;MGI:1919235,ACAD12;ACAD10,ACAD12,147
80854,SETD7,MGI:1920501,SETD7,SETD7,1205
81031,SLC2A10,MGI:2156687,SLC2A10,SLC2A10,877
8140,SLC7A5,MGI:1298205,SLC7A5,SLC7A5,607
81490,PTDSS2,MGI:1351664,PTDSS2,PTDSS2,1729
81537,SGPP1,MGI:2135760,SGPP1,SGPP1,1823
81539,SLC38A1,MGI:2145895,SLC38A1,SLC38A1,277
81579,PLA2G12A,MGI:1913600,PLA2G12A,PLA2G12A,1649
81616,ACSBG2,MGI:3587728,ACSBG2,ACSBG2,771
81693,AMN,MGI:1934943,AMN,AMN,2127
8170,SLC14A2,MGI:1351653,SLC14A2,SLC14A2,1960
81849,ST6GALNAC5,MGI:1349471,ST6GALNAC5,ST6GALNAC5,1875
8228,N/A,N/A,N/A,N/A,1758
8260,NAA10,MGI:1915255,NAA10,NAA10,2084
8277,TKTL1,MGI:1933244,TKTL1,TKTL1,1898
8288,EPX,MGI:107569,EPX,EPX,1708
8309,ACOX2,MGI:1934852,ACOX2,ACOX2,161
8310,ACOX3,MGI:1933156,ACOX3,ACOX3,1540
83549,UCK1,MGI:98904,UCK1,UCK1,619
83594,NUDT12,MGI:1915243,NUDT12,NUDT12,2005
83697,SLC4A9,MGI:2443384,SLC4A9,SLC4A9,1084
8372,HYAL3,MGI:1330288,HYAL3,HYAL3,920
83733,SLC25A18,MGI:1919053,SLC25A18,SLC25A18,967
83852,SETDB2,MGI:2685139,SETDB2,SETDB2,1211
83884,SLC25A2,MGI:2137907,SLC25A2,SLC25A2,339
8394,PIP5K1A,MGI:107929,PIP5K1A,PIP5K1A,1577
8395,PIP5K1B,MGI:107930,PIP5K1B,PIP5K1B,1579
8396,PIP4K2B,MGI:1934234,PIP4K2B,PIP4K2B,1618
8398,PLA2G6,MGI:1859152,PLA2G6,PLA2G6,1646
8399,PLA2G10,MGI:1347522,PLA2G10,PLA2G10,1656
84002,B3GNT5,MGI:2137302,B3GNT5,B3GNT5,447
8402,SLC25A11,MGI:1915113,SLC25A11,SLC25A11,256
84076,TKTL2,MGI:1921669,TKTL2,TKTL2,1897
84105,PCBD2,MGI:1919812,PCBD2,PCBD2,2049
84129,ACAD11,MGI:2143169,ACAD11,ACAD11,149
8418,N/A,N/A,N/A,N/A,1986
8424,BBOX1,MGI:1891372,BBOX1,BBOX1,451
84264,HAGHL,MGI:1919877,HAGHL,HAGHL,986
8435,SOAT2,MGI:1332226,SOAT2,SOAT2,2026
8443,GNPAT,MGI:1343460,GNPAT,GNPAT,661
84444,DOT1L,MGI:2143886,DOT1L,DOT1L,1210
84532,ACSS1,MGI:1915988,ACSS1,ACSS1,129
84569,LYZL1,MGI:1914578,LYZL1,LYZL1,2051
84618,NT5C1A,MGI:2155700,NT5C1A,NT5C1A,1408
84649,DGAT2,MGI:1915050,DGAT2,DGAT2,651
84679,SLC9A7,MGI:2444530,SLC9A7,SLC9A7,1170
84693,MCEE,MGI:1920974,MCEE,MCEE,1285
847,CAT,MGI:88271,CAT,CAT,487
84701,COX4I2,MGI:2135755,COX4I2,COX4I2,2117
84706,GPT2,MGI:1915391,GPT2,GPT2,284
84720,PIGO,MGI:1861452,PIGO,PIGO,1065
84735,CNDP1,MGI:2451097,CNDP1,CNDP1,1365
8479,HIRIP3,MGI:2142364,HIRIP3,HIRIP3,2045
84803,GPAT3,MGI:3603816,GPAT3,GPAT3,999
84812,PLCD4,MGI:107469,PLCD4,PLCD4,1601
84889,SLC7A3,MGI:1100521,SLC7A3,SLC7A3,279
84890,ADO,MGI:2685083,ADO,ADO,2004
84912,SLC35B4,MGI:1931249,SLC35B4,SLC35B4,1934
84920,ALG10,MGI:2146159,ALG10B,ALG10B,705
8501,SLC43A1,MGI:1931352,SLC43A1,SLC43A1,1151
8503,;PIK3R3,MGI:109277;MGI:1914573,PIK3R3;1700042G07RIK,PIK3R3,1586
8509,NDST2;,MGI:97040,NDST2,NDST2,934
8513,LIPF,MGI:1914967,LIPF,LIPF,1195
8525,DGKZ,MGI:1278339,DGKZ,DGKZ,624
8526,DGKE,MGI:1889276,DGKE,DGKE,632
8527,DGKD,MGI:2138334,DGKD,DGKD,629
8528,DDO,MGI:1925528,DDO,DDO,640
8529,CYP4F2,MGI:2146921;MGI:1919304;MGI:3645508;MGI:1927669,CYP4F15;CYP4F18;CYP4F40;CYP4F14,CYP4F15,1458
85320,N/A,N/A,N/A,N/A,486
8534,CHST1,MGI:1924219,CHST1,CHST1,1811
85365,ALG2,MGI:1914731,ALG2,ALG2,827
8540,AGPS,MGI:2443065,AGPS,AGPS,245
85465,SELENOI,MGI:107898,SELENOI,SELENOI,2093
8560,DEGS1,MGI:1097711;MGI:3588271,DEGS1;9130409I23RIK,DEGS1,665
8564,KMO,MGI:2138151,KMO,KMO,1172
8566,PDXK,MGI:1351869,PDXK,PDXK,1738
8574,AKR7A2,MGI:107796,AKR7A5,AKR7A5,306
8604,SLC25A12,MGI:1926080,SLC25A12,SLC25A12,67
8608,RDH16,MGI:5547782;MGI:2143528;MGI:1195275;MGI:1201375;MGI:2678390;MGI:3583955;MGI:1860517,RDH16F1;RDH9;RDH1;RDH16;RDH19;RDH16F2;RDH7,RDH16F1,1750
8611,PLPP1,MGI:108412,PLPP1,PLPP1,1698
8612,PLPP2,MGI:1354945,PLPP2,PLPP2,1697
8613,PLPP3,MGI:1915166,PLPP3,PLPP3,1699
8622,PDE8B,MGI:2443999,PDE8B,PDE8B,1504
8639,AOC3,MGI:1306797,AOC3,AOC3,1
8647,ABCB11,MGI:1351619,ABCB11,ABCB11,525
8654,PDE5A,MGI:2651499,PDE5A,PDE5A,1510
8659,ALDH4A1,MGI:2443883,ALDH4A1,ALDH4A1,74
8671,SLC4A4,MGI:1927555,SLC4A4,SLC4A4,24
8693,GALNT4,MGI:894692,GALNT4,GALNT4,862
8694,DGAT1,MGI:1333825,DGAT1,DGAT1,650
8703,B4GALT3,MGI:1928767,B4GALT3,B4GALT3,831
8704,B4GALT2,MGI:1858493,B4GALT2,B4GALT2,832
8705,B3GALT4,MGI:1859517,B3GALT4,B3GALT4,441
8706,B3GALNT1,MGI:1349405,B3GALNT1,B3GALNT1,437
8714,ABCC3,MGI:1923658,ABCC3,ABCC3,462
873,CBR1,MGI:88284;MGI:3646098,CBR1;GM5678,CBR1,502
8733,GPAA1,MGI:1202392,GPAA1,GPAA1,1072
874,CBR3,MGI:1309992,CBR3,CBR3,2058
875,CBS,MGI:88285,CBS,CBS,615
8760,CDS2,MGI:1332236,CDS2,CDS2,506
8776,MTMR1,MGI:1858271,MTMR1,MTMR1,1276
8781,N/A,N/A,N/A,N/A,1726
8789,FBP2,MGI:95491,FBP2,FBP2,792
8790,FPGT,MGI:1922790,FPGT,FPGT,758
8801,SUCLG2,MGI:1306824,SUCLG2,SUCLG2,1161
8802,SUCLG1,MGI:1927234,SUCLG1,SUCLG1,1160
8803,SUCLA2,MGI:1306775,SUCLA2,SUCLA2,1162
8813,DPM1,MGI:5313163;MGI:1330239,GM20716;DPM1,GM20716,708
8818,DPM2,MGI:1330238,DPM2,DPM2,707
8821,INPP4B,MGI:2158925,INPP4B,INPP4B,1281
8824,CES2,MGI:2142491;MGI:2448547;MGI:2385905;MGI:2443170;MGI:1919153;MGI:1919611;MGI:3648740,CES2A;CES2B;CES2C;CES2E;CES2F;CES2G;CES2H,CES2A,562
883,KYAT1,MGI:1917516,KYAT1,KYAT1,55
8833,GMPS,MGI:2448526,GMPS,GMPS,995
8836,GGH,MGI:1329035,GGH,GGH,907
8854,ALDH1A2,MGI:107928,ALDH1A2,ALDH1A2,292
8867,SYNJ1,MGI:1354961,SYNJ1,SYNJ1,1262
8869,ST3GAL5,MGI:1339963,ST3GAL5,ST3GAL5,1839
8871,SYNJ2,MGI:1201671,SYNJ2,SYNJ2,1576
8875,N/A,N/A,N/A,N/A,1676
8876,VNN1,MGI:108395,VNN1,VNN1,1675
8877,SPHK1,MGI:1316649,SPHK1,SPHK1,1841
8879,SGPL1,MGI:1261415,SGPL1,SGPL1,1836
8884,SLC5A6,MGI:2660847,SLC5A6,SLC5A6,469
8897,MTMR3,MGI:1921552,MTMR3,MTMR3,2094
8898,MTMR2,MGI:1924366,MTMR2,MTMR2,1277
8908,N/A,N/A,N/A,N/A,909
8942,KYNU,MGI:1918039,KYNU,KYNU,1105
8972,MGAM,MGI:1203495,MGAM,MGAM,884
8974,P4HA2,MGI:894286,P4HA2,P4HA2,1716
8985,PLOD3,MGI:1347008,PLOD3,PLOD3,1475
89869,PLCZ1,MGI:2150308,PLCZ1,PLCZ1,1600
89874,SLC25A21,MGI:2445059,SLC25A21,SLC25A21,12
8992,ATP6V0E1,MGI:1328318,ATP6V0E,ATP6V0E,361
9016,SLC25A14,MGI:1330823,SLC25A14,SLC25A14,1127
90161,HS6ST2,MGI:1354959,HS6ST2,HS6ST2,1816
9023,CH25H,MGI:1333869,CH25H,CH25H,513
90423,ATP6V1E2,MGI:1922165,ATP6V1E2,ATP6V1E2,380
9045,RPL14,MGI:1914365,RPL14,RPL14,2042
9056,SLC7A7,MGI:1337120,SLC7A7,SLC7A7,1831
9057,SLC7A6,MGI:2142598,SLC7A6,SLC7A6,333
9058,SLC13A2,MGI:1276558,SLC13A2,SLC13A2,547
9060,PAPSS2,MGI:1330223,PAPSS2,PAPSS2,219
9061,PAPSS1,MGI:1330587,PAPSS1,PAPSS1,218
90701,SEC11C,MGI:1913536,SEC11C,SEC11C,1660
9091,PIGQ,MGI:1333114,PIGQ,PIGQ,1629
9114,ATP6V0D1,MGI:1201778,ATP6V0D1,ATP6V0D1,363
91227,GGTLC2,MGI:95706,GGT1,GGT1,1984
9123,SLC16A3,MGI:1933438,SLC16A3,SLC16A3,20
91373,UAP1L1,MGI:2443318,UAP1L1,UAP1L1,1928
9152,SLC6A5,MGI:105090,SLC6A5,SLC6A5,2104
9153,SLC28A2,MGI:1913105;MGI:3702173,SLC28A2;GM14085,SLC28A2,204
9154,SLC28A1,MGI:3605073,SLC28A1,SLC28A1,201
9162,DGKI,MGI:2443430,DGKI,DGKI,622
9167,COX7A2L,MGI:106015,COX7A2L,COX7A2L,2111
91703,ACY3,MGI:1918920,ACY3,ACY3,1296
91734,IDI2,MGI:3704398;MGI:2444315,GM9745;IDI2,GM9745,1158
9187,SLC24A1,MGI:2384871,SLC24A1,SLC24A1,1370
9194,SLC16A7,MGI:1330284,SLC16A7,SLC16A7,21
9197,SLC33A1,MGI:1332247,SLC33A1,SLC33A1,126
92086,GGTLC1,MGI:95706,GGT1,GGT1,1979
9227,LRAT,MGI:1891259,LRAT,LRAT,1198
9245,GCNT3,MGI:1919327,GCNT3,GCNT3,567
92483,LDHAL6B,MGI:2146830,LDHAL6B,LDHAL6B,13
92579,G6PC3,MGI:1915651,G6PC3,G6PC3,499
92745,SLC38A5,MGI:2148066,SLC38A5,SLC38A5,285
9296,ATP6V1F,MGI:1913394,ATP6V1F,ATP6V1F,371
93010,B3GNT7,MGI:2384394,B3GNT7,B3GNT7,230
93034,NT5C1B,MGI:1918131,NT5C1B,NT5C1B,1406
93100,NAPRT,MGI:2442664,NAPRT,NAPRT,2000
93183,PIGM,MGI:1914806,PIGM,PIGM,1003
9331,B4GALT6,MGI:1928380,B4GALT6,B4GALT6,2088
9334,B4GALT5,MGI:1927169,B4GALT5,B4GALT5,829
9348,NDST3,MGI:1932544,NDST3,NDST3,933
93492,TPTE2,MGI:2446460,TPTE,TPTE,2054
9365,KL,MGI:1101771,KL,KL,2087
9374,PPT2,MGI:1860075,PPT2,PPT2,1991
9377,COX5A,MGI:88474,COX5A,COX5A,605
9380,GRHPR,MGI:1923488,GRHPR,GRHPR,980
9388,LIPG,MGI:1341803,LIPG,LIPG,1193
9390,SLC22A13,MGI:1924762;MGI:2143107,SLC22A13B-PS;SLC22A13,SLC22A13B-PS,2132
9394,HS6ST1,MGI:1354958,HS6ST1,HS6ST1,1815
93979,CPA5,MGI:1921899,CPA5,CPA5,2078
94005,PIGS,MGI:2687325,PIGS,PIGS,1074
94033,FTMT,MGI:1914884,FTMT,FTMT,1972
9415,FADS2,MGI:1930079,FADS2,FADS2,648
9420,CYP7B1,MGI:104978,CYP7B1,CYP7B1,1459
9435,CHST2,MGI:1891160,CHST2,CHST2,1807
9453,GGPS1,MGI:1341724,GGPS1,GGPS1,677
9468,PCYT1B,MGI:2147987,PCYT1B,PCYT1B,520
9469,CHST3,MGI:1858224,CHST3,CHST3,1812
948,CD36,MGI:107899,CD36,CD36,1962
9481,SLC25A27,MGI:1921261,SLC25A27,SLC25A27,1133
9487,PIGL,MGI:2681271,PIGL,PIGL,135
9488,PIGB,MGI:1891825,PIGB,PIGB,466
9489,PGS1,MGI:1921701,PGS1,PGS1,1567
949,SCARB1,MGI:893578,SCARB1,SCARB1,434
9497,SLC4A7,MGI:2443878,SLC4A7,SLC4A7,2105
9498,SLC4A8,MGI:1928745,SLC4A8,SLC4A8,1349
95,ACY1,MGI:87913,ACY1,ACY1,157
9514,GAL3ST1,MGI:1858277,GAL3ST1,GAL3ST1,843
9517,SPTLC2,MGI:108074,SPTLC2,SPTLC2,1833
952,CD38,MGI:107474,CD38,CD38,209
953,ENTPD1,MGI:102805,ENTPD1,ENTPD1,390
9536,PTGES,MGI:1927593,PTGES,PTGES,1553
954,ENTPD2,MGI:1096863,ENTPD2,ENTPD2,388
955,ENTPD6,MGI:1202295,ENTPD6,ENTPD6,392
9550,ATP6V1G1,MGI:1913540,ATP6V1G1,ATP6V1G1,376
9551,ATP5J2,MGI:1927558,ATP5J2,ATP5J2,408
956,ENTPD3,MGI:1321386,ENTPD3,ENTPD3,391
9563,H6PD,MGI:2140356,H6PD,H6PD,838
957,ENTPD5,MGI:1321385,ENTPD5,ENTPD5,393
9583,ENTPD4,MGI:1914714;MGI:5435040,ENTPD4;GM21685,ENTPD4,1376
9588,PRDX6,MGI:894320;MGI:1336888,PRDX6;PRDX6B,PRDX6,1709
9615,GDA,MGI:95678,GDA,GDA,1037
9651,PLCH2,MGI:2443078,PLCH2,PLCH2,1598
9653,HS2ST1,MGI:1346049,HS2ST1,HS2ST1,1790
97,ACYP1,MGI:1913454,ACYP1,ACYP1,170
978,CDA,MGI:1919519,CDA,CDA,616
9789,SPCS2,MGI:1913874,SPCS2,SPCS2,1661
9791,PTDSS1,MGI:1276575,PTDSS1,PTDSS1,1728
98,ACYP2,MGI:1922822,ACYP2,ACYP2,169
9807,IP6K1,MGI:1351633,IP6K1,IP6K1,1667
9843,HEPH,MGI:1332240,HEPH,HEPH,2137
9869,SETDB1,MGI:1934229,SETDB1,SETDB1,1209
9942,XYLB,MGI:2142985,XYLB,XYLB,1964
9945,GFPT2,MGI:1338883,GFPT2,GFPT2,905
9951,HS3ST4,MGI:1333792,HS3ST4,HS3ST4,1794
9953,HS3ST3B1,MGI:1333853;MGI:1333861,HS3ST3B1;HS3ST3A1,HS3ST3B1,1798
9955,N/A,N/A,N/A,N/A,1797
9956,HS3ST2,MGI:1333802,HS3ST2,HS3ST2,1796
9957,HS3ST1,MGI:1201606,HS3ST1,HS3ST1,1793
9962,SLC23A2,MGI:1859682,SLC23A2,SLC23A2,344
9963,SLC23A1,MGI:1341903,SLC23A1,SLC23A1,345
9990,SLC12A6,MGI:2135960;MGI:5439454,SLC12A6;GM21985,SLC12A6,1166
AI971036,N/A,N/A,N/A,N/A,2002
