EntrezGene.ID,HGNC.symbol,MGI.symbol,MGI.synonyms,MGI.ID
100,ADA,ADA,ADA,MGI:87916
10005,ACOT8,ACOT8,ACOT8,MGI:2158201
10007,GNPDA1,GNPDA1,GNPDA1,MGI:1347054
100137049,PLA2G4B,PLA2G4B,PLA2G4B;GM28042,MGI:2384819;MGI:5547778
10020,GNE,GNE,GNE,MGI:1354951
10026,PIGK,PIGK,PIGK,MGI:1913863
100287639,NA,NA,NA,NA
10050,SLC17A4,SLC17A4,SLC17A4,MGI:2442850
100507855,NA,NA,NA,NA
100526794,NT5C1B-RDH14,NT5C1B,NT5C1B,MGI:1918131
10057,ABCC5,ABCC5,ABCC5,MGI:1351644
10060,ABCC9,ABCC9,ABCC9,MGI:1352630
10087,COL4A3BP,COL4A3BP,COL4A3BP,MGI:1915268
10090,UST,UST,UST,MGI:2442406
10135,NAMPT,NAMPT,NAMPT,MGI:1929865
10157,AASS,AASS,AASS,MGI:1353573
10164,CHST4,CHST4,CHST4,MGI:1349479
10165,SLC25A13,SLC25A13,SLC25A13,MGI:1354721
10166,NA,NA,NA,NA
10195,ALG3,ALG3,ALG3,MGI:1098592
10201,NME6,NME6,NME6,MGI:1861676
10229,COQ7,COQ7,COQ7,MGI:107207
10246,SLC17A2,SLC17A2,SLC17A2,MGI:2443098
10249,GLYAT,GLYAT,GLYAT,MGI:2147502
10257,ABCC4,ABCC4,ABCC4,MGI:2443111
102724197,GGT1;GGT2,GGT1,GGT1,MGI:95706
102724560,CBSL,CBS,CBS,MGI:88285
10312,TCIRG1,TCIRG1,TCIRG1,MGI:1350931
10317,B3GALT5,B3GALT5,B3GALT5,MGI:2136878
10327,AKR1A1,AKR1A1,AKR1A1,MGI:1929955
10331,B3GNT3,B3GNT3,B3GNT3,MGI:2152535
1036,CDO1,CDO1,CDO1,MGI:105925
10380,BPNT1,BPNT1,BPNT1,MGI:1338800
10390,CEPT1,CEPT1,CEPT1,MGI:2139793
10396,ATP8A1,ATP8A1,ATP8A1,MGI:1330848
1040,CDS1,CDS1,CDS1,MGI:1921846
10400,PEMT,PEMT,PEMT,MGI:104535
10402,ST3GAL6,ST3GAL6,ST3GAL6,MGI:1888707
10423,CDIPT,CDIPT,CDIPT,MGI:105491
10449,ACAA2,ACAA2,ACAA2,MGI:1098623
10455,ECI2,ECI3,ECI3;ECI2,MGI:1916373;MGI:1346064
10476,ATP5H,ATP5H,ATP5H;GM10250,MGI:1918929;MGI:3642408
10478,SLC25A17,SLC25A17,SLC25A17,MGI:1342248
10554,AGPAT1,AGPAT1,AGPAT1,MGI:1932075
10555,AGPAT2,AGPAT2,AGPAT2,MGI:1914762
10558,SPTLC1,SPTLC1,SPTLC1,MGI:1099431
10559,SLC35A1,SLC35A1,SLC35A1,MGI:1345622
1056,CEL,CEL,CEL,MGI:88374
10560,SLC19A2,SLC19A2,SLC19A2,MGI:1928761
10568,SLC34A2,SLC34A2,SLC34A2,MGI:1342284
10587,TXNRD2,TXNRD2,TXNRD2,MGI:1347023
10588,MTHFS,MTHFSL,MTHFSL;MTHFS,MGI:3780550;MGI:1340032
10599,SLCO1B1,SLCO1B2,SLCO1B2,MGI:1351899
10606,PAICS,PAICS,PAICS,MGI:1914304
10610,ST6GALNAC2,ST6GALNAC2,ST6GALNAC2,MGI:107553
10632,ATP5L,GM5426,GM5426;ATP5L,MGI:3646788;MGI:1351597
10654,PMVK,PMVK,PMVK,MGI:1915853
10678,B3GNT2,B3GNT2,B3GNT2,MGI:1889505
10682,EBP,EBP,EBP,MGI:107822
10690,FUT9,FUT9,FUT9,MGI:1330859
107,ADCY1,ADCY1,ADCY1,MGI:99677
10720,UGT2B11,UGT2B34,UGT2B34;UGT2B1;UGT2B35;UGT2B36;UGT2B5;UGT2B37;UGT2B38,MGI:2140962;MGI:1919023;MGI:3576100;MGI:3576103;MGI:98900;MGI:2148239;MGI:2140794
10723,SLC12A7,SLC12A7,SLC12A7,MGI:1342283
10724,MGEA5,MGEA5,MGEA5,MGI:1932139
10728,PTGES3,PTGES3,PTGES3,MGI:1929282
10768,AHCYL1,AHCYL1,AHCYL1,MGI:2385184
10786,SLC17A3,SLC17A3,SLC17A3,MGI:2389216
10797,MTHFD2,MTHFD2,MTHFD2,MGI:1338850
108,ADCY2,ADCY2,ADCY2,MGI:99676
10840,ALDH1L1,ALDH1L1,ALDH1L1,MGI:1340024
10841,FTCD,FTCD,FTCD,MGI:1339962
10846,PDE10A,PDE10A,PDE10A,MGI:1345143
10858,CYP46A1,CYP46A1,CYP46A1,MGI:1341877
10861,SLC26A1,SLC26A1,SLC26A1,MGI:2385894
10864,SLC22A7,SLC22A7,SLC22A7,MGI:1859559
10870,HCST,HCST,HCST,MGI:1344360
10873,ME3,ME3,ME3,MGI:1916679
109,ADCY3,ADCY3,ADCY3,MGI:99675
10901,DHRS4,DHRS4,DHRS4,MGI:90169
10905,MAN1A2,MAN1A2,MAN1A2,MGI:104676
10919,EHMT2,EHMT2,EHMT2,MGI:2148922
10935,PRDX3,PRDX3,PRDX3,MGI:88034
10948,STARD3,STARD3,STARD3,MGI:1929618
10965,ACOT2,ACOT2,ACOT2;ACOT1;ACOT3;ACOT5,MGI:2159605;MGI:1349396;MGI:2159619;MGI:2384969
10975,UQCR11,UQCR11,UQCR11,MGI:1913844
10991,SLC38A3,SLC38A3,SLC38A3,MGI:1923507
10993,SDS,SDS,SDS,MGI:98270
10998,SLC27A5,SLC27A5,SLC27A5,MGI:1347100
10999,SLC27A4,SLC27A4,SLC27A4,MGI:1347347
11000,SLC27A3,SLC27A3,SLC27A3,MGI:1347358
11001,SLC27A2,SLC27A2,SLC27A2,MGI:1347099
1103,CHAT,CHAT,CHAT,MGI:88392
11041,B4GAT1,B4GAT1,B4GAT1,MGI:1919680
11046,SLC35D2,SLC35D2,SLC35D2,MGI:1917734
1109,AKR1C4,AKR1C6,AKR1C6;AKR1C14;AKR1C18;AKR1C20;AKR1C13;AKR1C19;AKR1C21;AKR1C12;AKR1CL,MGI:1933427;MGI:2145458;MGI:2145420;MGI:2151104;MGI:1351662;MGI:2653678;MGI:1924587;MGI:1351661;MGI:1918111
111,ADCY5,ADCY5,ADCY5,MGI:99673
11112,HIBADH,HIBADH,HIBADH,MGI:1889802
11136,SLC7A9,SLC7A9,SLC7A9,MGI:1353656
11164,NUDT5,NUDT5,NUDT5,MGI:1858232
1118,CHIT1,CHIT1,CHIT1,MGI:1919134
11181,TREH,TREH,TREH,MGI:1926230
11182,SLC2A6,SLC2A6,SLC2A6,MGI:2443286
11185,INMT,INMT,INMT,MGI:102963
1119,CHKA,CHKA,CHKA,MGI:107760
112,ADCY6,ADCY6,ADCY6,MGI:87917
1120,CHKB,CHKB,CHKB,MGI:1328313
11212,PLPBP,PROSC,PROSC,MGI:1891207
11226,GALNT6,GALNT6,GALNT6,MGI:1891640
11227,GALNT5,GALNT5,GALNT5,MGI:2179403
11238,CA5B,CAR5B,CAR5B,MGI:1926249
112483,SAT2,SAT2,SAT2,MGI:1916465
11253,MAN1B1,MAN1B1,MAN1B1,MGI:2684954
11254,SLC6A14,SLC6A14,SLC6A14,MGI:1890216
112611,RWDD2A,RWDD2A,RWDD2A,MGI:1916769
112724,RDH13,RDH13,RDH13,MGI:1918732
11282,MGAT4B,MGAT4B,MGAT4B,MGI:2143974
11283,CYP4F8,CYP4F15,CYP4F15;CYP4F18;CYP4F40;CYP4F14,MGI:2146921;MGI:1919304;MGI:3645508;MGI:1927669
11285,B4GALT7,B4GALT7,B4GALT7,MGI:2384987
113,ADCY7,ADCY7,ADCY7,MGI:102891
113026,PLCD3,PLCD3,PLCD3,MGI:107451
11309,SLCO2B1,SLCO2B1,SLCO2B1,MGI:1351872
113189,NA,NA,NA,NA
11320,MGAT4A,MGAT4A,MGAT4A,MGI:2662992
113235,SLC46A1,SLC46A1,SLC46A1,MGI:1098733
113278,SLC52A3,SLC52A3,SLC52A3,MGI:1916948
11332,ACOT7,ACOT7,ACOT7,MGI:1917275
11343,MGLL,MGLL,MGLL,MGI:1346042
113451,AZIN2,AZIN2,AZIN2,MGI:2442093
113675,SDSL,SDSL,SDSL,MGI:2182607
114,ADCY8,ADCY8,ADCY8,MGI:1341110
114112,TXNRD3,TXNRD3,TXNRD3,MGI:2386711
114134,SLC2A13,SLC2A13,SLC2A13,MGI:2146030
114805,GALNT13,GALNT13,GALNT13,MGI:2139447
114971,NA,NA,NA,NA
115,ADCY9,ADCY9,ADCY9,MGI:108450
115019,SLC26A9,SLC26A9,SLC26A9,MGI:2444594
115111,SLC26A7,SLC26A7,SLC26A7,MGI:2384791
1152,CKB,CKB,CKB,MGI:88407
115286,SLC25A26,SLC25A26,SLC25A26,MGI:1914832
115584,SLC5A11,SLC5A11,SLC5A11,MGI:1919316
1158,CKM,CKM,CKM,MGI:88413
1159,CKMT1B,CKMT1,CKMT1,MGI:99441
1160,CKMT2,CKMT2,CKMT2,MGI:1923972
116255,MOGAT1,MOGAT1,MOGAT1,MGI:1915643
116285,ACSM1,ACSM1,ACSM1,MGI:2152200
116369,SLC26A8,SLC26A8,SLC26A8,MGI:2385046
117247,SLC16A10,SLC16A10,SLC16A10,MGI:1919722
117248,GALNT15,GALNT15,GALNT15,MGI:1926004
117283,IP6K3,IP6K3,IP6K3,MGI:3045325
1178,NA,NA,NA,NA
118881,COMTD1,COMTD1,COMTD1,MGI:1916406
12,SERPINA3,SERPINA3A,SERPINA3A;SERPINA3B;SERPINA3C;SERPINA3G;SERPINA3F;SERPINA3I;SERPINA3J;SERPINA3M;SERPINA3K;SERPINA3N,MGI:1921319;MGI:2182835;MGI:102848;MGI:105046;MGI:2182838;MGI:2182841;MGI:2182843;MGI:98378;MGI:98377;MGI:105045
1200,TPP1,TPP1,TPP1,MGI:1336194
120103,SLC36A4,SLC36A4,SLC36A4,MGI:2442595
121260,SLC15A4,SLC15A4,SLC15A4,MGI:2140796
121278,TPH2,TPH2,TPH2,MGI:2651811
1215,CMA1,CMA1,CMA1,MGI:96941
122481,AK7,AK7,AK7,MGI:1926051
122622,ADSSL1,ADSSL1,ADSSL1,MGI:87947
122970,ACOT4,ACOT4,ACOT4,MGI:2159621
123041,SLC24A4,SLC24A4,SLC24A4,MGI:2447362
123099,DEGS2,DEGS2,DEGS2,MGI:1917309
123745,PLA2G4E,PLA2G4E,PLA2G4E,MGI:1919144
124,ADH1A,ADH1,ADH1,MGI:87921
1244,ABCC2,ABCC2,ABCC2,MGI:1352447
124583,CANT1,CANT1,CANT1,MGI:1923275
124637,CYB5D1,CYB5D1,CYB5D1;GM6685,MGI:2685586;MGI:3704119
124935,SLC43A2,SLC43A2,SLC43A2,MGI:2442746
124975,GGT6,GGT6,GGT6,MGI:1918772
125,ADH1B,ADH1,ADH1,MGI:87921
125061,AFMID,AFMID,AFMID,MGI:2448704
125206,SLC5A10,SLC5A10,SLC5A10,MGI:1926089
125965,COX6B2,COX6B2,COX6B2,MGI:3044182
126,ADH1C,ADH1,ADH1,MGI:87921
126129,CPT1C,CPT1C,CPT1C,MGI:2446526
126328,NDUFA11,NDUFA11,NDUFA11,MGI:1917125
126410,CYP4F22,CYP4F39,CYP4F39,MGI:2445210
1267,CNP,CNP,CNP,MGI:88437
126792,B3GALT6,B3GALT6,B3GALT6,MGI:2152819
127,ADH4,ADH4,ADH4,MGI:1349472
127124,ATP6V1G3,ATP6V1G3,ATP6V1G3,MGI:2450548
128,ADH5,ADH5,ADH5,MGI:87929
128869,PIGU,PIGU,PIGU,MGI:3039607
129607,CMPK2,CMPK2,CMPK2,MGI:99830
129642,MBOAT2,MBOAT2,MBOAT2,MGI:1914466
129807,NEU4,NEU4,NEU4,MGI:2661364
13,AADAC,AADAC,AADAC,MGI:1915008
130,ADH6,ADH6A,ADH6A;ADH6B,MGI:1916367;MGI:2446626
130013,ACMSD,ACMSD,ACMSD,MGI:2386323
130367,SGPP2,SGPP2,SGPP2,MGI:3589109
130752,MDH1B,MDH1B,MDH1B,MGI:1923918
131,ADH7,ADH7,ADH7,MGI:87926
1312,COMT,COMT,COMT,MGI:88470
131669,UROC1,UROC1,UROC1,MGI:2385332
132,ADK,ADK,ADK,MGI:87930
132158,GLYCTK,GLYCTK,GLYCTK,MGI:2444085
1327,COX4I1,COX4I1,COX4I1,MGI:88473
132789,GNPDA2,GNPDA2,GNPDA2,MGI:1915230
1329,COX5B,COX5B,COX5B;GM11273,MGI:88475;MGI:3649411
1337,COX6A1,COX6A1,COX6A1,MGI:103099
1339,COX6A2,COX6A2,COX6A2,MGI:104649
1340,COX6B1,COX6B1,COX6B1,MGI:107460
1345,COX6C,COX6C,COX6C,MGI:104614
134526,ACOT12,ACOT12,ACOT12,MGI:1921406
1346,COX7A1,COX7A1,COX7A1,MGI:1316714
1347,COX7A2,COX7A2,COX7A2,MGI:1316715
1349,NA,NA,NA,NA
1350,NA,NA,NA,NA
1351,COX8A,COX8A,COX8A,MGI:105959
135152,B3GAT2,B3GAT2,B3GAT2,MGI:2389490
1356,CP,CP,CP,MGI:88476
1357,CPA1,CPA1,CPA1,MGI:88478
1358,CPA2,CPA2,CPA2,MGI:3617840
1371,CPOX,CPOX,CPOX,MGI:104841
1373,CPS1,CPS1,CPS1,MGI:891996
1374,CPT1A,CPT1A,CPT1A,MGI:1098296
1375,CPT1B,CPT1B,CPT1B,MGI:1098297
1376,CPT2,CPT2,CPT2,MGI:109176
137872,ADHFE1,ADHFE1,ADHFE1,MGI:1923437
137964,GPAT4,GPAT4,GPAT4,MGI:2142716
1384,CRAT,CRAT,CRAT,MGI:109501
140679,SLC32A1,SLC32A1,SLC32A1,MGI:1194488
140838,NANP,NANP,NANP;GM6741,MGI:1914561;MGI:3643504
142680,SLC34A3,SLC34A3,SLC34A3,MGI:2159410
1431,CS,CSL,CSL;CS,MGI:1919082;MGI:88529
144193,AMDHD1,AMDHD1,AMDHD1,MGI:1919011
144195,SLC2A14,SLC2A3,SLC2A3,MGI:95757
145226,RDH12,RDH12,RDH12,MGI:1925224
146712,B3GNTL1,B3GNTL1,B3GNTL1,MGI:2441705
1468,SLC25A10,SLC25A10,SLC25A10,MGI:1353497
1491,CTH,CTH,CTH,MGI:1339968
15,AANAT,AANAT,AANAT,MGI:1328365
1503,CTPS1,CTPS,CTPS,MGI:1858304
150763,GPAT2,GPAT2,GPAT2,MGI:2684962
151531,UPP2,UPP2,UPP2,MGI:1923904
153201,SLC36A2,SLC36A2,SLC36A2,MGI:1891430
1537,CYC1,CYC1,CYC1,MGI:1913695
154091,SLC2A12,SLC2A12,SLC2A12,MGI:3052471
1543,CYP1A1,CYP1A1,CYP1A1,MGI:88588
1544,CYP1A2,CYP1A2,CYP1A2,MGI:88589
1545,CYP1B1,CYP1B1,CYP1B1,MGI:88590
1548,CYP2A6,CYP2A4,CYP2A4;CYP2A5;CYP2A22;CYP2A12,MGI:88596;MGI:88597;MGI:3648316;MGI:105055
1549,CYP2A7,CYP2A4,CYP2A4;CYP2A5;CYP2A22;CYP2A12,MGI:88596;MGI:88597;MGI:3648316;MGI:105055
1551,CYP3A7,CYP3A13,CYP3A13;CYP3A57;CYP3A16;CYP3A41B;CYP3A41A;CYP3A44;CYP3A11;CYP3A25;CYP3A59,MGI:88610;MGI:3646373;MGI:106099;MGI:3714859;MGI:1858451;MGI:2449818;MGI:88609;MGI:1930638;MGI:3769707
155184,SLC2A7,SLC2A7,SLC2A7,MGI:3650865
1553,CYP2A13,CYP2A4,CYP2A4;CYP2A5;CYP2A22;CYP2A12,MGI:88596;MGI:88597;MGI:3648316;MGI:105055
1555,CYP2B6,CYP2B9,CYP2B9;CYP2B23;CYP2B19;CYP2B10;CYP2B13,MGI:88600;MGI:3646735;MGI:107303;MGI:88598;MGI:88599
1557,NA,NA,NA,NA
1558,NA,NA,NA,NA
1559,NA,NA,NA,NA
1562,CYP2C18,CYP2C55,CYP2C55,MGI:1919332
1565,CYP2D6,CYP2D26,CYP2D26;CYP2D11;CYP2D40;CYP2D34;CYP2D12;CYP2D9;CYP2D10;CYP2D22,MGI:1923529;MGI:88603;MGI:1919004;MGI:2385022;MGI:88604;MGI:88606;MGI:88602;MGI:1929474
1571,CYP2E1,CYP2E1,CYP2E1,MGI:88607
1572,CYP2F1,CYP2F2,CYP2F2,MGI:88608
1573,CYP2J2,CYP2J8,CYP2J8;CYP2J6;CYP2J9;CYP2J5;CYP2J13;CYP2J12;CYP2J7;CYP2J11,MGI:2449817;MGI:1270148;MGI:1921769;MGI:1270149;MGI:2385197;MGI:3717097;MGI:2449816;MGI:2140224
157506,RDH10,RDH10,RDH10,MGI:1924238
1576,CYP3A4,CYP3A13,CYP3A13;CYP3A57;CYP3A16;CYP3A41B;CYP3A41A;CYP3A44;CYP3A11;CYP3A25;CYP3A59,MGI:88610;MGI:3646373;MGI:106099;MGI:3714859;MGI:1858451;MGI:2449818;MGI:88609;MGI:1930638;MGI:3769707
1577,CYP3A5,CYP3A13,CYP3A13;CYP3A57;CYP3A16;CYP3A41B;CYP3A41A;CYP3A44;CYP3A11;CYP3A25;CYP3A59,MGI:88610;MGI:3646373;MGI:106099;MGI:3714859;MGI:1858451;MGI:2449818;MGI:88609;MGI:1930638;MGI:3769707
1579,CYP4A11,CYP4A29,CYP4A29;CYP4A12B;CYP4A12A;CYP4A30B;CYP4A14;CYP4A10;CYP4A31;CYP4A32,MGI:3717143;MGI:3611747;MGI:88612;MGI:3717145;MGI:1096550;MGI:88611;MGI:3028580;MGI:3717148
158,ADSL,ADSL,ADSL,MGI:103202
1580,CYP4B1,CYP4B1,CYP4B1,MGI:103225
1581,CYP7A1,CYP7A1,CYP7A1,MGI:106091
1582,CYP8B1,CYP8B1,CYP8B1,MGI:1338044
1583,CYP11A1,CYP11A1,CYP11A1,MGI:88582
1584,CYP11B1,CYP11B1,CYP11B1;CYP11B2,MGI:88583;MGI:88584
1585,CYP11B2,CYP11B1,CYP11B1;CYP11B2,MGI:88583;MGI:88584
1586,CYP17A1,CYP17A1,CYP17A1,MGI:88586
1588,CYP19A1,CYP19A1,CYP19A1,MGI:88587
1589,CYP21A2,CYP21A1,CYP21A1,MGI:88591
159,ADSS,ADSS,ADSS,MGI:87948
1591,CYP24A1,CYP24A1,CYP24A1,MGI:88593
1592,CYP26A1,CYP26A1,CYP26A1,MGI:1096359
1593,CYP27A1,CYP27A1,CYP27A1,MGI:88594
1594,CYP27B1,CYP27B1,CYP27B1,MGI:1098274
1595,CYP51A1,CYP51,CYP51,MGI:106040
159963,SLC5A12,SLC5A12,SLC5A12,MGI:2138890
160287,NA,NA,NA,NA
1603,DAD1,DAD1,DAD1,MGI:101912
160428,ALDH1L2,ALDH1L2,ALDH1L2,MGI:2444680
1606,DGKA,DGKA,DGKA,MGI:102952
1607,DGKB,DGKB,DGKB,MGI:2442474
160728,SLC5A8,SLC5A8,SLC5A8,MGI:2384916
1608,DGKG,DGKG,DGKG,MGI:105060
160851,DGKH,DGKH,DGKH,MGI:2444188
1609,DGKQ,DGKQ,DGKQ,MGI:102918
1610,DAO,DAO,DAO,MGI:94859
1621,DBH,DBH,DBH,MGI:94864
1622,DBI,DBI,DBI,MGI:94865
162417,NAGS,NAGS,NAGS,MGI:2387600
162466,PHOSPHO1,PHOSPHO1,PHOSPHO1,MGI:2447348
1629,DBT,DBT,DBT,MGI:105386
1632,ECI1,ECI1,ECI1,MGI:94871
1633,DCK,DCK,DCK,MGI:102726
1635,DCTD,DCTD,DCTD,MGI:2444529
1636,ACE,ACE,ACE,MGI:87874
1638,DCT,DCT,DCT,MGI:102563
1644,DDC,DDC,DDC,MGI:94876
1645,AKR1C1,AKR1C6,AKR1C6;AKR1C14;AKR1C18;AKR1C20;AKR1C13;AKR1C19;AKR1C21;AKR1C12;AKR1CL,MGI:1933427;MGI:2145458;MGI:2145420;MGI:2151104;MGI:1351662;MGI:2653678;MGI:1924587;MGI:1351661;MGI:1918111
1650,DDOST,DDOST,DDOST,MGI:1194508
166012,CHST13,CHST13,CHST13,MGI:1919047
1666,DECR1,DECR1,DECR1,MGI:1914710
166785,MMAA,MMAA,MMAA,MGI:1923805
169355,IDO2,IDO2,IDO2,MGI:2142489
170712,COX7B2,COX7B2,COX7B2,MGI:1925424
171425,CLYBL,CLYBL,CLYBL,MGI:1916884
1716,DGUOK,DGUOK,DGUOK,MGI:1351602
1717,DHCR7,DHCR7,DHCR7,MGI:1298378
1718,DHCR24,DHCR24,DHCR24,MGI:1922004
1719,DHFR,DHFR,DHFR,MGI:94890
1723,DHODH,DHODH,DHODH,MGI:1928378
1727,CYB5R3,CYB5R3,CYB5R3,MGI:94893
1737,DLAT,DLAT,DLAT,MGI:2385311
1738,DLD,DLD,DLD,MGI:107450
1743,DLST,DLST,DLST,MGI:1926170
175,AGA,AGA,AGA,MGI:104873
1757,SARDH,SARDH,SARDH,MGI:2183102
178,AGL,AGL,AGL,MGI:1924809
1786,DNMT1,DNMT1,DNMT1,MGI:94912
1787,TRDMT1,TRDMT1,TRDMT1,MGI:1274787
1788,DNMT3A,DNMT3A,DNMT3A,MGI:1261827
1789,DNMT3B,DNMT3B,DNMT3B,MGI:1261819
1798,DPAGT1,DPAGT1,DPAGT1,MGI:1196396
18,ABAT,ABAT,ABAT,MGI:2443582
1800,DPEP1,DPEP1,DPEP1,MGI:94917
1806,DPYD,DPYD,DPYD,MGI:2139667
1807,DPYS,DPYS,DPYS,MGI:1928679
1808,DPYSL2,DPYSL2,DPYSL2,MGI:1349763
1809,DPYSL3,DPYSL3,DPYSL3,MGI:1349762
1811,SLC26A3,SLC26A3,SLC26A3,MGI:107181
1836,SLC26A2,SLC26A2,SLC26A2,MGI:892977
1841,DTYMK,DTYMK,DTYMK,MGI:108396
1854,DUT,DUT,DUT,MGI:1346051
189,AGXT,AGXT,AGXT,MGI:1329033
1890,TYMP,TYMP,TYMP,MGI:1920212
1891,ECH1,ECH1,ECH1,MGI:1858208
1892,ECHS1,ECHS1,ECHS1,MGI:2136460
19,ABCA1,ABCA1,ABCA1,MGI:99607
191,AHCY,GM4737,GM4737;AHCY,MGI:3643647;MGI:87968
192134,B3GNT6,B3GNT6,B3GNT6,MGI:3039603
195814,SDR16C5,SDR16C5,SDR16C5,MGI:2668443
1962,EHHADH,EHHADH,EHHADH,MGI:1277964
196743,PAOX,PAOX,PAOX,MGI:1916983
196883,ADCY4,ADCY4,ADCY4,MGI:99674
197257,LDHD,LDHD,LDHD,MGI:106428
197258,FUK,FUK,FUK,MGI:1916071
199974,NA,NA,NA,NA
200010,SLC5A9,SLC5A9,SLC5A9,MGI:2140201
200576,PIKFYVE,PIKFYVE,PIKFYVE,MGI:1335106
201288,NA,NA,NA,NA
2023,ENO1,ENO1,ENO1;ENO1B,MGI:95393;MGI:3648653
2026,ENO2,ENO2,ENO2,MGI:95394
2027,ENO3,ENO3,ENO3,MGI:95395
203,AK1,AK1,AK1,MGI:87977
2030,SLC29A1,SLC29A1,SLC29A1,MGI:1927073
204,AK2,AK2,AK2,MGI:87978
205,AK4,AK4,AK4,MGI:87979
2052,EPHX1,EPHX1,EPHX1,MGI:95405
2053,EPHX2,EPHX2,EPHX2,MGI:99500
206358,SLC36A1,SLC36A1,SLC36A1,MGI:2445299
2098,ESD,ESD,ESD,MGI:95421
210,ALAD,ALAD,ALAD,MGI:96853
2108,ETFA,ETFA,ETFA,MGI:106092
2109,ETFB,ETFB,ETFB;GM45233,MGI:106098;MGI:5753809
211,ALAS1,ALAS1,ALAS1,MGI:87989
2110,ETFDH,ETFDH,ETFDH,MGI:106100
212,ALAS2,ALAS2,ALAS2,MGI:87990
213,ALB,ALB,ALB,MGI:87991
2131,EXT1,EXT1,EXT1,MGI:894663
2132,EXT2,EXT2,EXT2,MGI:108050
2134,EXTL1,EXTL1,EXTL1,MGI:1888742
2135,EXTL2,EXTL2,EXTL2,MGI:1889574
2137,EXTL3,EXTL3,EXTL3,MGI:1860765
2147,F2,F2,F2,MGI:88380
215,ABCD1,ABCD1,ABCD1,MGI:1349215
216,ALDH1A1,ALDH1A1,ALDH1A1;ALDH1A7,MGI:1353450;MGI:1347050
2168,FABP1,FABP1,FABP1,MGI:95479
217,ALDH2,ALDH2,ALDH2,MGI:99600
218,ALDH3A1,ALDH3A1,ALDH3A1,MGI:1353451
2180,ACSL1,ACSL1,ACSL1,MGI:102797
2181,ACSL3,ACSL3,ACSL3,MGI:1921455
2182,ACSL4,ACSL4,ACSL4,MGI:1354713
2184,FAH,FAH,FAH,MGI:95482
219,ALDH1B1,ALDH1B1,ALDH1B1,MGI:1919785
2194,FASN,FASN,FASN,MGI:95485
220,ALDH1A3,ALDH1A3,ALDH1A3,MGI:1861722
2203,FBP1,FBP1,FBP1,MGI:95492
221,ALDH3B1,ALDH3B1,ALDH3B1,MGI:1914939
221823,PRPS1L1,PRPS1L1,PRPS1L1,MGI:1922706
222,ALDH3B2,ALDH3B3,ALDH3B3;ALDH3B2,MGI:1920708;MGI:2147613
2222,FDFT1,FDFT1,FDFT1,MGI:102706
2224,FDPS,FDPS,FDPS;GM43738,MGI:104888;MGI:5663875
222537,HS3ST5,HS3ST5,HS3ST5,MGI:2441996
223,ALDH9A1,ALDH9A1,ALDH9A1,MGI:1861622
2235,FECH,FECH,FECH,MGI:95513
224,ALDH3A2,ALDH3A2,ALDH3A2,MGI:1353452
2243,FGA,FGA,FGA,MGI:1316726
225,ABCD2,ABCD2,ABCD2,MGI:1349467
226,ALDOA,ALDOART2,ALDOART2;ALDOA;ALDOART1,MGI:1931052;MGI:87994;MGI:2447811
2271,FH,FH1,FH1,MGI:95530
22856,CHSY1,CHSY1,CHSY1,MGI:2681120
229,ALDOB,ALDOB,ALDOB,MGI:87995
22928,SEPHS2,SEPHS2,SEPHS2,MGI:108388
22929,SEPHS1,SEPHS1,SEPHS1,MGI:1923580
22934,RPIA,RPIA,RPIA,MGI:103254
22978,NT5C2,NT5C2,NT5C2,MGI:2178563
230,ALDOC,ALDOC,ALDOC,MGI:101863
23007,PLCH1,PLCH1,PLCH1,MGI:2683547
23057,NMNAT2,NMNAT2,NMNAT2,MGI:2444155
231,AKR1B1,AKR1B3,AKR1B3,MGI:1353494
23169,SLC35D1,SLC35D1,SLC35D1,MGI:2140361
23205,ACSBG1,ACSBG1,ACSBG1,MGI:2385656
23236,PLCB1,PLCB1,PLCB1,MGI:97613
2326,FMO1,FMO1,FMO1,MGI:1310002
2327,FMO2,FMO2,FMO2,MGI:1916776
2328,FMO3,FMO3,FMO3,MGI:1100496
2329,FMO4,FMO4,FMO4,MGI:2429497
2330,FMO5,FMO5,FMO5,MGI:1310004
23305,ACSL6,ACSL6,ACSL6,MGI:894291
23315,SLC9A8,SLC9A8,SLC9A8,MGI:1924281
23382,AHCYL2,AHCYL2,AHCYL2,MGI:1921590
23396,PIP5K1C,PIP5K1C,PIP5K1C,MGI:1298224
23417,MLYCD,MLYCD,MLYCD,MGI:1928485
23428,SLC7A8,SLC7A8,SLC7A8,MGI:1355323
23430,TPSD1,TPSAB1,TPSAB1;TPSB2,MGI:96943;MGI:96942
23439,ATP1B4,ATP1B4,ATP1B4,MGI:1915071
23443,SLC35A3,SLC35A3,SLC35A3,MGI:1917648
23464,GCAT,GCAT,GCAT,MGI:1349389
23475,QPRT,QPRT,QPRT,MGI:1914625
23478,SEC11A,SEC11A,SEC11A,MGI:1929464
2348,FOLR1,FOLR1,FOLR1,MGI:95568
23483,TGDS,TGDS,TGDS,MGI:1923605
23498,HAAO,HAAO,HAAO,MGI:1349444
2350,FOLR2,FOLR2,FOLR2,MGI:95569
2352,NA,NA,NA,NA
23530,NNT,NNT,NNT,MGI:109279
23533,PIK3R5,PIK3R5,PIK3R5,MGI:2443588
23539,SLC16A8,SLC16A8,SLC16A8,MGI:1929519
23545,ATP6V0A2,ATP6V0A2,ATP6V0A2,MGI:104855
23556,PIGN,PIGN,PIGN,MGI:1351629
2356,FPGS,FPGS,FPGS,MGI:95576
23563,CHST5,CHST5,CHST5,MGI:1931825
23600,AMACR,AMACR,AMACR,MGI:1098273
23632,CA14,CAR14,CAR14,MGI:1344341
23657,SLC7A11,SLC7A11,SLC7A11,MGI:1347355
23743,BHMT2,BHMT2,BHMT2,MGI:1891379
23761,NA,NA,NA,NA
239,ALOX12,ALOX12,ALOX12,MGI:87998
240,ALOX5,ALOX5,ALOX5,MGI:87999
242,ALOX12B,ALOX12B,ALOX12B,MGI:1274782
245972,ATP6V0D2,ATP6V0D2,ATP6V0D2,MGI:1924415
245973,ATP6V1C2,ATP6V1C2,ATP6V1C2,MGI:1916025
246,ALOX15,ALOX15,ALOX15,MGI:87997
246213,SLC17A8,SLC17A8,SLC17A8,MGI:3039629
247,ALOX15B,ALOX8,ALOX8,MGI:1098228
248,ALPI,ALPPL2,ALPPL2;ALPI;AKP3,MGI:108009;MGI:1924018;MGI:87984
249,ALPL,ALPL,ALPL,MGI:87983
2495,FTH1,FTH1,FTH1,MGI:95588
250,ALPP,ALPPL2,ALPPL2;ALPI;AKP3,MGI:108009;MGI:1924018;MGI:87984
251,ALPPL2,ALPPL2,ALPPL2;ALPI;AKP3,MGI:108009;MGI:1924018;MGI:87984
2512,FTL,FTL1,FTL1;FTL1-PS1,MGI:95589;MGI:3779109
2517,FUCA1,FUCA1,FUCA1,MGI:95593
2519,FUCA2,FUCA2,FUCA2,MGI:1914098
2523,FUT1,FUT1,FUT1,MGI:109375
2525,NA,NA,NA,NA
2530,FUT8,FUT8,FUT8,MGI:1858901
2531,KDSR,KDSR,KDSR,MGI:1918000
253430,IPMK,IPMK,IPMK,MGI:1916968
2538,G6PC,G6PC,G6PC,MGI:95607
2539,G6PD,G6PD2,G6PD2;G6PDX,MGI:105977;MGI:105979
2542,SLC37A4,SLC37A4,SLC37A4,MGI:1316650
2548,GAA,GAA,GAA,MGI:95609
256435,ST6GALNAC3,ST6GALNAC3,ST6GALNAC3,MGI:1341828
257068,PLCXD2,PLCXD2,PLCXD2,MGI:3647874
2571,GAD1,GAD1,GAD1,MGI:95632
2572,GAD2,GAD2,GAD2,MGI:95634
257202,GPX6,GPX6,GPX6,MGI:1922762
25769,SLC24A2,SLC24A2,SLC24A2,MGI:1923626
25796,PGLS,PGLS,PGLS,MGI:1913421
2581,GALC,GALC,GALC,MGI:95636
2582,GALE,GALE,GALE,MGI:1921496
25828,TXN2,TXN2,TXN2,MGI:1929468
2583,B4GALNT1,B4GALNT1,B4GALNT1,MGI:1342057
25830,SULT4A1,SULT4A1,SULT4A1,MGI:1888971
2584,GALK1,GALK1,GALK1,MGI:95730
2585,GALK2,GALK2,GALK2,MGI:1917226
2588,GALNS,GALNS,GALNS,MGI:1355303
2589,GALNT1,GALNT1,GALNT1,MGI:894693
2590,GALNT2,GALNT2,GALNT2;GM20388,MGI:894694;MGI:5141853
25902,MTHFD1L,MTHFD1L,MTHFD1L,MGI:1924836
2591,GALNT3,GALNT3,GALNT3,MGI:894695
2592,GALT,GALT,GALT,MGI:95638
259230,SGMS1,SGMS1,SGMS1,MGI:2444110
2593,GAMT,GAMT,GAMT,MGI:1098221
2595,GANC,GANC,GANC,MGI:1923301
2597,GAPDH,GM15294,GM15294,MGI:3708114
26,AOC1,AOC1,AOC1;1600015I10RIK;DOXL2;SVS1,MGI:1923757;MGI:1917011;MGI:3618290;MGI:2682321
26002,MOXD1,MOXD1,MOXD1,MGI:1921582
260293,CYP4X1,CYP4X1,CYP4X1,MGI:1932403
26035,GLCE,GLCE,GLCE,MGI:2136405
26061,HACL1,HACL1,HACL1,MGI:1929657
26062,NA,NA,NA,NA
26063,DECR2,DECR2,DECR2,MGI:1347059
2618,GART,GART,GART,MGI:95654
262,AMD1,AMD1,AMD1;AMD2,MGI:88004;MGI:1333111
26227,PHGDH,PHGDH,PHGDH,MGI:1355330
26229,B3GAT3,B3GAT3,B3GAT3,MGI:1919977
26266,SLC13A4,SLC13A4,SLC13A4,MGI:2442367
26275,HIBCH,HIBCH,HIBCH,MGI:1923792
26279,PLA2G2D,PLA2G2D,PLA2G2D,MGI:1341796
2628,GATM,GATM,GATM,MGI:1914342
26289,AK5,AK5,AK5,MGI:2677491
2629,GBA,GBA,GBA,MGI:95665
26290,NA,NA,NA,NA
26301,GBGT1,GBGT1,GBGT1,MGI:2449143
2632,GBE1,GBE1,GBE1,MGI:1921435
26330,GAPDHS,GAPDHS,GAPDHS,MGI:95653
2638,GC,GC,GC,MGI:95669
2639,GCDH,GCDH,GCDH,MGI:104541
2643,GCH1,GCH1,GCH1,MGI:95675
2645,GCK,GCK,GCK,MGI:1270854
2650,GCNT1,GCNT1,GCNT1,MGI:95676
26503,SLC17A5,SLC17A5,SLC17A5,MGI:1924105
2651,GCNT2,GCNT2,GCNT2,MGI:1100870
2653,GCSH,GCSH,GCSH,MGI:1915383
266722,HS6ST3,HS6ST3,HS6ST3,MGI:1354960
267020,ATP5L2,GM5426,GM5426;ATP5L,MGI:3646788;MGI:1351597
2673,GFPT1,GFPT1,GFPT1,MGI:95698
2678,GGT1,GGT1,GGT1,MGI:95706
2679,NA,NA,NA,NA
2683,B4GALT1,B4GALT1,B4GALT1,MGI:95705
2686,GGT7,GGT7,GGT7,MGI:1913385
2687,GGT5,GGT5,GGT5,MGI:1346063
26873,OPLAH,OPLAH,OPLAH,MGI:1922725
2694,GIF,GIF,GIF,MGI:1202394
270,AMPD1,AMPD1,AMPD1,MGI:88015
27010,TPK1,TPK1,TPK1,MGI:1352500
27034,ACAD8,ACAD8,ACAD8,MGI:1914198
27068,PPA2,PPA2,PPA2,MGI:1922026
27087,B3GAT1,B3GAT1,B3GAT1,MGI:1924148
27089,UQCRQ,UQCRQ,UQCRQ,MGI:107807
271,AMPD2,AMPD2,AMPD2,MGI:88016
2710,GK,GK,GK,MGI:106594
27109,ATP5S,ATP5S,ATP5S,MGI:1915305
27115,PDE7B,PDE7B,PDE7B,MGI:1352752
2712,GK2,GK2,GK2,MGI:1329027
27124,INPP5J,INPP5J,INPP5J,MGI:2158663
2713,NA,NA,NA,NA
27159,CHIA,CHIL5,CHIL5;CHIA1;CHIL3;CHIL4;CHIL6,MGI:2676649;MGI:1932052;MGI:1330860;MGI:1341098;MGI:2682303
27165,GLS2,GLS2,GLS2,MGI:2143539
2717,GLA,GLA,GLA,MGI:1347344
272,AMPD3,AMPD3,AMPD3,MGI:1096344
2720,GLB1,GLB1,GLB1,MGI:88151
27232,GNMT,GNMT,GNMT,MGI:1202304
27235,COQ2,COQ2,COQ2,MGI:1919133
2729,GCLC,GCLC,GCLC,MGI:104990
2730,GCLM,GCLM,GCLM,MGI:104995
27306,HPGDS,HPGDS,HPGDS,MGI:1859384
2731,GLDC,GLDC,GLDC,MGI:1341155
27349,MCAT,MCAT,MCAT,MGI:2388651
2739,GLO1,GLO1,GLO1,MGI:95742
27430,MAT2B,MAT2B,MAT2B,MGI:1913667
2744,GLS,GLS,GLS,MGI:95752
2745,GLRX,GLRX,GLRX,MGI:2135625
2746,GLUD1,GLUD1,GLUD1,MGI:95753
2747,GLUD2,GLUD1,GLUD1,MGI:95753
275,AMT,AMT,AMT,MGI:3646700
2752,GLUL,GLUL,GLUL,MGI:95739
276,AMY1A,AMY2A5,AMY2A5;AMY2A4;AMY2A3;AMY2A2;AMY2A1;AMY1,MGI:88020;MGI:3711258;MGI:3714985;MGI:3711220;MGI:104548;MGI:88019
2762,GMDS,GMDS,GMDS,MGI:1891112
2766,GMPR,GMPR,GMPR,MGI:1913605
277,AMY1B,AMY2A5,AMY2A5;AMY2A4;AMY2A3;AMY2A2;AMY2A1;AMY1,MGI:88020;MGI:3711258;MGI:3714985;MGI:3711220;MGI:104548;MGI:88019
278,AMY1C;AMY1B,AMY2A5,AMY2A5;AMY2A4;AMY2A3;AMY2A2;AMY2A1;AMY1,MGI:88020;MGI:3711258;MGI:3714985;MGI:3711220;MGI:104548;MGI:88019
279,AMY2A,AMY2A5,AMY2A5;AMY2A4;AMY2A3;AMY2A2;AMY2A1;AMY1,MGI:88020;MGI:3711258;MGI:3714985;MGI:3711220;MGI:104548;MGI:88019
2799,GNS,GNS,GNS,MGI:1922862
28,ABO,ABO,ABO,MGI:2135738
280,AMY2B,AMY2A5,AMY2A5;AMY2A4;AMY2A3;AMY2A2;AMY2A1;AMY1,MGI:88020;MGI:3711258;MGI:3714985;MGI:3711220;MGI:104548;MGI:88019
2805,GOT1,GOT1,GOT1,MGI:95791
2806,GOT2,GOT2,GOT2,MGI:95792
2819,GPD1,GPD1,GPD1,MGI:95679
2820,GPD2,GPD2,GPD2,MGI:99778
2821,GPI,GPI1,GPI1,MGI:95797
28231,SLCO4A1,SLCO4A1,SLCO4A1,MGI:1351866
28232,SLCO3A1,SLCO3A1,SLCO3A1,MGI:1351867
28234,SLCO1B3,SLCO1B2,SLCO1B2,MGI:1351899
283871,PGP,PGP,PGP,MGI:1914328
284098,PIGW,PIGW,PIGW,MGI:1917575
284111,SLC13A5,SLC13A5,SLC13A5,MGI:3037150
284129,SLC26A11,SLC26A11,SLC26A11,MGI:2444589
284273,ZADH2,ZADH2,ZADH2,MGI:2444835
286016,NA,NA,NA,NA
286297,NA,NA,NA,NA
2875,GPT,GPT,GPT,MGI:95802
2876,GPX1,GPX1,GPX1,MGI:104887
2877,GPX2,GPX2,GPX2,MGI:106609
2878,GPX3,GPX3,GPX3,MGI:105102
2879,GPX4,GPX4,GPX4,MGI:104767
2880,GPX5,GPX5,GPX5,MGI:104886
2882,GPX7,GPX7,GPX7,MGI:1914555
28965,SLC27A6,SLC27A6,SLC27A6,MGI:3036230
28972,SPCS1,SPCS1,SPCS1,MGI:1916269
28976,ACAD9,ACAD9,ACAD9,MGI:1914272
28982,FLVCR1,MFSD7B,MFSD7B,MGI:2444881
290,ANPEP,ANPEP,ANPEP,MGI:5000466
291,SLC25A4,SLC25A4,SLC25A4,MGI:1353495
29124,NA,NA,NA,NA
292,SLC25A5,SLC25A5,SLC25A5,MGI:1353496
293,NA,NA,NA,NA
2936,GSR,GSR,GSR,MGI:95804
2937,GSS,GSS,GSS,MGI:95852
2944,NA,NA,NA,NA
2954,GSTZ1,GSTZ1,GSTZ1,MGI:1341859
2974,NA,NA,NA,NA
2977,GUCY1A2,GUCY1A2,GUCY1A2,MGI:2660877
2978,GUCA1A,GUCA1A,GUCA1A,MGI:102770
29785,CYP2S1,CYP2S1,CYP2S1,MGI:1921384
29796,UQCR10,UQCR10,UQCR10,MGI:1913402
2982,GUCY1A3,GUCY1A3,GUCY1A3,MGI:1926562
2983,GUCY1B3,GUCY1B3,GUCY1B3,MGI:1860604
2984,GUCY2C,GUCY2C,GUCY2C,MGI:106903
2986,GUCY2F,GUCY2F,GUCY2F,MGI:105119
2987,GUK1,GUK1,GUK1,MGI:95871
29880,ALG5,ALG5,ALG5,MGI:1913498
29881,NPC1L1,NPC1L1,NPC1L1,MGI:2685089
2990,GUSB,GUSB,GUSB,MGI:95872
29906,ST8SIA5,ST8SIA5,ST8SIA5,MGI:109243
2992,GYG1,GYG,GYG,MGI:1351614
29920,PYCR2,PYCR2,PYCR2,MGI:1277956
29922,NME7,NME7,NME7,MGI:2449121
29925,GMPPB,GMPPB,GMPPB,MGI:2660880
29926,GMPPA,GMPPA,GMPPA,MGI:1916330
29929,ALG6,ALG6,ALG6,MGI:2444031
29953,TRHDE,TRHDE,TRHDE,MGI:2384311
29958,DMGDH,DMGDH,DMGDH,MGI:1921379
29968,PSAT1,PSAT1,PSAT1,MGI:2183441
2997,GYS1,GYS1,GYS1,MGI:101805
2998,GYS2,GYS2,GYS2,MGI:2385254
29988,SLC2A8,SLC2A8,SLC2A8,MGI:1860103
30,ACAA1,ACAA1B,ACAA1B;ACAA1A,MGI:3605455;MGI:2148491
3000,GUCY2D,GUCY2E,GUCY2E,MGI:105123
30061,SLC40A1,SLC40A1,SLC40A1,MGI:1315204
3028,HSD17B10,HSD17B10,HSD17B10,MGI:1333871
3029,HAGH,HAGH,HAGH,MGI:95745
3030,HADHA,HADHA,HADHA,MGI:2135593
3032,HADHB,HADHB,HADHB,MGI:2136381
3033,HADH,HADH,HADH,MGI:96009
3034,HAL,HAL,HAL,MGI:96010
3036,HAS1,HAS1,HAS1,MGI:106590
3037,HAS2,HAS2,HAS2,MGI:107821
3038,HAS3,HAS3,HAS3,MGI:109599
3067,HDC,HDC,HDC,MGI:96062
3073,HEXA,HEXA,HEXA,MGI:96073
3074,HEXB,HEXB,HEXB,MGI:96074
3081,HGD,HGD,HGD,MGI:96078
30814,PLA2G2E,PLA2G2E,PLA2G2E,MGI:1349660
30815,ST6GALNAC6,ST6GALNAC6,ST6GALNAC6,MGI:1355316
30833,NT5C,NT5C,NT5C,MGI:1354954
3098,HK1,HK1,HK1,MGI:96103
3099,HK2,HK2,HK2,MGI:1315197
31,ACACA,ACACA,ACACA,MGI:108451
3101,HK3,HK3,HK3,MGI:2670962
314,AOC2,AOC2,AOC2,MGI:2668431
3141,HLCS,HLCS,HLCS,MGI:894646
3145,HMBS,HMBS,HMBS,MGI:96112
3155,HMGCL,HMGCL,HMGCL,MGI:96158
3156,HMGCR,HMGCR,HMGCR,MGI:96159
3157,HMGCS1,HMGCS1,HMGCS1,MGI:107592
3158,HMGCS2,HMGCS2,HMGCS2,MGI:101939
316,AOX1,AOX1,AOX1,MGI:88035
3162,HMOX1,HMOX1,HMOX1,MGI:96163
3163,HMOX2,HMOX2,HMOX2,MGI:109373
3176,HNMT,HNMT,HNMT,MGI:2153181
3177,SLC29A2,SLC29A2,SLC29A2,MGI:1345278
318,NUDT2,NUDT2,NUDT2,MGI:1913651
32,ACACB,ACACB,ACACB,MGI:2140940
3242,HPD,HPD,HPD,MGI:96213
3251,HPRT1,HPRT,HPRT,MGI:96217
3283,HSD3B1,HSD3B2,HSD3B2;GM4450;HSD3B3;HSD3B4;GM10681;HSD3B5;HSD3B6;HSD3B1,MGI:96234;MGI:3782634;MGI:96235;MGI:96236;MGI:3711284;MGI:104645;MGI:109598;MGI:96233
3284,HSD3B2,HSD3B2,HSD3B2;GM4450;HSD3B3;HSD3B4;GM10681;HSD3B5;HSD3B6;HSD3B1,MGI:96234;MGI:3782634;MGI:96235;MGI:96236;MGI:3711284;MGI:104645;MGI:109598;MGI:96233
3290,HSD11B1,HSD11B1,HSD11B1,MGI:103562
3291,HSD11B2,HSD11B2,HSD11B2,MGI:104720
3292,HSD17B1,HSD17B1,HSD17B1,MGI:105077
3293,HSD17B3,HSD17B3,HSD17B3,MGI:107177
3294,HSD17B2,HSD17B2,HSD17B2,MGI:1096386
3295,HSD17B4,HSD17B4,HSD17B4,MGI:105089
33,ACADL,ACADL,ACADL,MGI:87866
3340,NDST1,NDST1,NDST1,MGI:104719
335,APOA1,APOA1,APOA1,MGI:88049
337876,CHSY3,CHSY3,CHSY3,MGI:1926173
338,APOB,APOB,APOB,MGI:88052
339221,ENPP7,ENPP7,ENPP7,MGI:3027917
34,ACADM,ACADM,ACADM,MGI:87867
340024,SLC6A19,SLC6A19,SLC6A19,MGI:1921588
341,APOC1,APOC1,APOC1,MGI:88053
3417,IDH1,IDH1,IDH1,MGI:96413
3418,IDH2,IDH2,IDH2,MGI:96414
3419,IDH3A,IDH3A,IDH3A,MGI:1915084
341947,COX8C,COX8C,COX8C,MGI:1922733
3420,IDH3B,IDH3B,IDH3B,MGI:2158650
3421,IDH3G,IDH3G,IDH3G,MGI:1099463
3422,IDI1,IDI1,IDI1,MGI:2442264
3423,IDS,IDS,IDS,MGI:96417
3425,IDUA,IDUA,IDUA,MGI:96418
343,AQP8,AQP8,AQP8,MGI:1195271
344,APOC2,APOC2,APOC2;GM44805,MGI:88054;MGI:5753381
345,APOC3,APOC3,APOC3,MGI:88055
347734,SLC35B2,SLC35B2,SLC35B2,MGI:1921086
348,APOE,APOE,APOE,MGI:88057
349565,NMNAT3,NMNAT3,NMNAT3,MGI:1921330
35,ACADS,ACADS,ACADS,MGI:87868
353,APRT,APRT,APRT,MGI:88061
358,AQP1,AQP1,AQP1,MGI:103201
359,AQP2,AQP2,AQP2,MGI:1096865
36,ACADSB,ACADSB,ACADSB,MGI:1914135
361,AQP4,AQP4,AQP4,MGI:107387
3612,IMPA1,IMPA1,IMPA1,MGI:1933158
3613,IMPA2,IMPA2,IMPA2,MGI:2149728
3614,IMPDH1,IMPDH1,IMPDH1,MGI:96567
3615,IMPDH2,IMPDH2,IMPDH2,MGI:109367
362,AQP5,AQP5,AQP5,MGI:106215
3620,IDO1,IDO1,IDO1,MGI:96416
3628,INPP1,INPP1,INPP1,MGI:104848
3631,INPP4A,INPP4A,INPP4A,MGI:1931123
3632,INPP5A,INPP5A,INPP5A,MGI:2686961
3633,INPP5B,INPP5B,INPP5B,MGI:103257
3635,INPP5D,INPP5D,INPP5D,MGI:107357
3636,INPPL1,INPPL1,INPPL1,MGI:1333787
3658,IREB2,IREB2,IREB2,MGI:1928268
366,AQP9,AQP9,AQP9,MGI:1891066
37,ACADVL,ACADVL,ACADVL,MGI:895149
3704,ITPA,ITPA,ITPA,MGI:96622
3706,ITPKA,ITPKA,ITPKA,MGI:1333822
3707,ITPKB,ITPKB,ITPKB,MGI:109235
3712,IVD,IVD,IVD,MGI:1929242
373156,GSTK1,GSTK1,GSTK1,MGI:1923513
374291,NDUFS7,NDUFS7,NDUFS7,MGI:1922656
374569,ASPG,ASPG,ASPG,MGI:2144822
374907,B3GNT8,B3GNT8,B3GNT8,MGI:2385269
375056,MIA3,MIA3,MIA3,MGI:2443183
3764,KCNJ8,KCNJ8,KCNJ8,MGI:1100508
376497,SLC27A1,SLC27A1,SLC27A1,MGI:1347098
3767,KCNJ11,KCNJ11,KCNJ11,MGI:107501
377677,CA13,CAR13,CAR13,MGI:1931322
377841,ENTPD8,ENTPD8,ENTPD8,MGI:1919340
3795,KHK,KHK,KHK,MGI:1096353
38,ACAT1,ACAT1,ACAT1,MGI:87870
383,ARG1,ARG1,ARG1,MGI:88070
384,ARG2,ARG2,ARG2,MGI:1330806
386757,NA,NA,NA,NA
387775,NA,NA,NA,NA
387893,KMT5A,KMT5A,KMT5A,MGI:1915206
389015,SLC9A4,SLC9A4,SLC9A4,MGI:105074
39,ACAT2,ACAT3,ACAT3;ACAT2,MGI:109182;MGI:87871
3906,LALBA,LALBA,LALBA,MGI:96742
3931,LCAT,LCAT,LCAT,MGI:96755
3938,LCT,LCT,LCT,MGI:104576
3939,LDHA,LDHA,LDHA,MGI:96759
3945,LDHB,LDHB,LDHB,MGI:96763
3948,LDHC,LDHC,LDHC,MGI:96764
3988,LIPA,LIPA,LIPA,MGI:96789
3990,LIPC,LIPC,LIPC,MGI:96216
3992,FADS1,FADS1,FADS1,MGI:1923517
4017,LOXL2,LOXL2,LOXL2,MGI:2137913
4023,LPL,LPL,LPL,MGI:96820
4025,LPO,LPO,LPO,MGI:1923363
4035,LRP1,LRP1,LRP1,MGI:96828
4036,LRP2,LRP2,LRP2,MGI:95794
4047,LSS,LSS,LSS,MGI:1336155
4048,LTA4H,LTA4H,LTA4H,MGI:96836
4051,CYP4F3,CYP4F15,CYP4F15;CYP4F18;CYP4F40;CYP4F14,MGI:2146921;MGI:1919304;MGI:3645508;MGI:1927669
4056,LTC4S,LTC4S,LTC4S,MGI:107498
410,ARSA,ARSA,ARSA,MGI:88077
411,ARSB,ARSB,ARSB,MGI:88075
412,NA,NA,NA,NA
4121,MAN1A1,MAN1A,MAN1A,MGI:104677
4122,MAN2A2,MAN2A2,MAN2A2,MGI:2150656
4123,MAN2C1,MAN2C1,MAN2C1,MGI:1920994
4124,MAN2A1,MAN2A1,MAN2A1,MGI:104669
4125,MAN2B1,MAN2B1,MAN2B1,MGI:107286
4126,MANBA,MANBA,MANBA,MGI:88175
4128,MAOA,MAOA,MAOA,MGI:96915
4129,MAOB,MAOB,MAOB,MGI:96916
4143,MAT1A,MAT1A,MAT1A,MGI:88017
4144,NA,NA,NA,NA
4166,CHST6,CHST5,CHST5,MGI:1931825
4190,MDH1,MDH1,MDH1,MGI:97051
4191,MDH2,MDH2,MDH2,MGI:97050
4199,ME1,ME1,ME1,MGI:97043
4200,ME2,ME2,ME2,MGI:2147351
4245,MGAT1,MGAT1,MGAT1,MGI:96973
4247,MGAT2,MGAT2,MGAT2,MGI:2384966
4248,MGAT3,MGAT3,MGAT3,MGI:104532
4249,MGAT5,MGAT5,MGAT5,MGI:894701
4257,MGST1,MGST1,MGST1,MGI:1913850
4258,MGST2,MGST2,MGST2,MGI:2448481
4259,MGST3,MGST3,MGST3,MGI:1913697
427,ASAH1,ASAH1,ASAH1,MGI:1277124
4284,MIP,MIP,MIP,MGI:96990
43,ACHE,ACHE,ACHE,MGI:87876
4329,ALDH6A1,ALDH6A1,ALDH6A1,MGI:1915077
435,NA,NA,NA,NA
4351,MPI,MPI,MPI,MGI:97075
4353,MPO,MPO,MPO,MGI:97137
4357,MPST,MPST,MPST,MGI:2179733
4363,ABCC1,ABCC1,ABCC1,MGI:102676
438,ASMT,ASMT,ASMT,MGI:96090
440,ASNS,ASNS,ASNS,MGI:1350929
441024,MTHFD2L,MTHFD2L,MTHFD2L,MGI:1915871
443,ASPA,ASPA,ASPA,MGI:87914
445,ASS1,ASS1,ASS1,MGI:88090
4507,MTAP,MTAP,MTAP,MGI:1914152
4512,MT-CO1,MT-CO1,MT-CO1,MGI:102504
4513,MT-CO2,MT-CO2,MT-CO2,MGI:102503
4514,MT-CO3,MT-CO3,MT-CO3,MGI:102502
4519,MT-CYB,MT-CYTB,MT-CYTB,MGI:102501
4522,MTHFD1,MTHFD1,MTHFD1,MGI:1342005
4524,MTHFR,MTHFR,MTHFR,MGI:106639
4535,MT-ND1,MT-ND1,MT-ND1,MGI:101787
4536,MT-ND2,MT-ND2,MT-ND2,MGI:102500
4537,MT-ND3,MT-ND3,MT-ND3,MGI:102499
4538,MT-ND4,MT-ND4,MT-ND4,MGI:102498
4539,MT-ND4L,MT-ND4L,MT-ND4L,MGI:102497
4540,MT-ND5,MT-ND5,MT-ND5;GM4076,MGI:102496;MGI:3782251
4541,MT-ND6,MT-ND6,MT-ND6,MGI:102495
4548,MTR,MTR,MTR,MGI:894292
4594,MUT,MUT,MUT,MGI:97239
4597,MVD,MVD,MVD,MGI:2179327
4598,MVK,MVK,MVK,MGI:107624
4668,NAGA,NAGA,NAGA,MGI:1261422
4669,NAGLU,NAGLU,NAGLU,MGI:1351641
4694,NDUFA1,NDUFA1,NDUFA1,MGI:1929511
4695,NDUFA2,NDUFA2,NDUFA2,MGI:1343103
4696,NDUFA3,NDUFA3,NDUFA3,MGI:1913341
4697,NDUFA4,NDUFA4,NDUFA4,MGI:107686
4698,NDUFA5,NDUFA5,NDUFA5,MGI:1915452
47,ACLY,ACLY,ACLY,MGI:103251
4700,NDUFA6,NDUFA6,NDUFA6,MGI:1914380
4701,NDUFA7,NDUFA7,NDUFA7,MGI:1913666
4702,NDUFA8,NDUFA8,NDUFA8,MGI:1915625
4704,NDUFA9,NDUFA9,NDUFA9,MGI:1913358
4705,NDUFA10,NDUFA10,NDUFA10,MGI:1914523
4706,NDUFAB1,NDUFAB1,NDUFAB1,MGI:1917566
4707,NA,NA,NA,NA
4708,NDUFB2,NDUFB2,NDUFB2,MGI:1915448
4709,NDUFB3,NDUFB3,NDUFB3,MGI:1913745
471,ATIC,ATIC,ATIC,MGI:1351352
4710,NDUFB4,NDUFB4,NDUFB4,MGI:1915444
4711,NDUFB5,NDUFB5,NDUFB5,MGI:1913296
4712,NDUFB6,NDUFB6,NDUFB6,MGI:2684983
4713,NDUFB7,NDUFB7,NDUFB7,MGI:1914166
4714,NDUFB8,NDUFB8,NDUFB8;GM20538,MGI:1914514;MGI:5142003
4715,NDUFB9,NDUFB9,NDUFB9,MGI:1913468
4716,NDUFB10,NDUFB10,NDUFB10,MGI:1915592
4717,NDUFC1,NDUFC1,NDUFC1,MGI:1913627
4718,NDUFC2,NDUFC2,NDUFC2,MGI:1344370
4719,NDUFS1,NDUFS1,NDUFS1,MGI:2443241
4720,NDUFS2,NDUFS2,NDUFS2,MGI:2385112
4722,NDUFS3,NDUFS3,NDUFS3,MGI:1915599
4723,NDUFV1,NDUFV1,NDUFV1,MGI:107851
4724,NDUFS4,NDUFS4,NDUFS4,MGI:1343135
4725,NDUFS5,NDUFS5,NDUFS5,MGI:1890889
4726,NDUFS6,NDUFS6,NDUFS6,MGI:107932
4728,NDUFS8,NDUFS8,NDUFS8,MGI:2385079
4729,NDUFV2,NDUFV2,NDUFV2,MGI:1920150
4731,NDUFV3,NDUFV3,NDUFV3,MGI:1890894
4758,NEU1,NEU1,NEU1,MGI:97305
4759,NEU2,NEU2,NEU2,MGI:1344417
476,ATP1A1,ATP1A1,ATP1A1,MGI:88105
477,ATP1A2,ATP1A2,ATP1A2,MGI:88106
478,ATP1A3,ATP1A3,ATP1A3,MGI:88107
48,ACO1,ACO1,ACO1,MGI:87879
480,ATP1A4,ATP1A4,ATP1A4,MGI:1351335
481,ATP1B1,ATP1B1,ATP1B1,MGI:88108
482,ATP1B2,ATP1B2,ATP1B2,MGI:88109
483,ATP1B3,ATP1B3,ATP1B3,MGI:107788
4830,NME1,GM20390,GM20390;NME1,MGI:5141855;MGI:97355
4831,NME2,NME2,NME2,MGI:97356
4832,NME3,NME3,NME3,MGI:1930182
4833,NME4,NME4,NME4,MGI:1931148
4837,NNMT,NNMT,NNMT,MGI:1099443
4842,NOS1,NOS1,NOS1,MGI:97360
4843,NOS2,NOS2,NOS2,MGI:97361
4846,NOS3,NOS3,NOS3,MGI:97362
4860,PNP,PNP2,PNP2;PNP,MGI:3712328;MGI:97365
4881,NPR1,NPR1,NPR1,MGI:97371
4882,NPR2,NPR2,NPR2,MGI:97372
4891,SLC11A2,SLC11A2,SLC11A2,MGI:1345279
490,ATP2B1,ATP2B1,ATP2B1,MGI:104653
4905,NSF,NSF,NSF,MGI:104560
4907,NT5E,NT5E,NT5E,MGI:99782
491,ATP2B2,ATP2B2,ATP2B2,MGI:105368
492,ATP2B3,ATP2B3,ATP2B3,MGI:1347353
493,ATP2B4,ATP2B4,ATP2B4,MGI:88111
4942,OAT,OAT,OAT,MGI:97394
495,ATP4A,ATP4A,ATP4A,MGI:88113
4952,OCRL,OCRL,OCRL,MGI:109589
4953,ODC1,ODC1,ODC1,MGI:97402
496,ATP4B,ATP4B,ATP4B,MGI:88114
4967,OGDH,OGDH,OGDH,MGI:1098267
498,ATP5A1,ATP5A1,ATP5A1,MGI:88115
50,ACO2,ACO2,ACO2,MGI:87880
5009,OTC,OTC,OTC,MGI:97448
501,ALDH7A1,ALDH7A1,ALDH7A1,MGI:108186
5019,OXCT1,OXCT1,OXCT1,MGI:1914291
5033,P4HA1,P4HA1,P4HA1,MGI:97463
5034,P4HB,P4HB,P4HB,MGI:97464
5048,PAFAH1B1,PAFAH1B1,PAFAH1B1,MGI:109520
50484,RRM2B,RRM2B,RRM2B,MGI:2155865
50487,PLA2G3,PLA2G3,PLA2G3,MGI:2444945
5049,PAFAH1B2,PAFAH1B2,PAFAH1B2,MGI:108415
5050,PAFAH1B3,PAFAH1B3,PAFAH1B3,MGI:108414
50506,DUOX2,DUOX2,DUOX2,MGI:3036280
5051,PAFAH2,PAFAH2,PAFAH2,MGI:2140321
50515,CHST11,CHST11,CHST11,MGI:1927166
5052,PRDX1,PRDX1,PRDX1,MGI:99523
5053,PAH,PAH,PAH,MGI:97473
506,ATP5B,ATP5B,ATP5B,MGI:107801
50614,GALNT9,GALNT9,GALNT9,MGI:2677965
50617,ATP6V0A4,ATP6V0A4,ATP6V0A4,MGI:2153480
50700,RDH8,RDH8,RDH8,MGI:2685028
50808,AK3,AK3,AK3,MGI:1860835
50814,NSDHL,NSDHL,NSDHL,MGI:1099438
509,ATP5C1,ATP5C1,ATP5C1,MGI:1261437
5091,PC,PCX,PCX,MGI:97520
5092,PCBD1,PCBD1,PCBD1,MGI:94873
50940,PDE11A,PDE11A,PDE11A,MGI:3036251
5095,PCCA,PCCA,PCCA,MGI:97499
5096,PCCB,PCCB,PCCB,MGI:1914154
51,ACOX1,ACOX1,ACOX1,MGI:1330812
51004,COQ6,COQ6,COQ6,MGI:1924408
51005,AMDHD2,AMDHD2,AMDHD2,MGI:2443978
51022,GLRX2,GLRX2,GLRX2,MGI:1916617
5105,PCK1,PCK1,PCK1,MGI:97501
51056,LAP3,LAP3,LAP3,MGI:1914238
5106,PCK2,PCK2,PCK2,MGI:1860456
51071,DERA,DERA,DERA,MGI:1913762
51079,NDUFA13,NDUFA13,NDUFA13,MGI:1914434
51086,TNNI3K,TNNI3K,TNNI3K,MGI:2443276
51102,MECR,MECR,MECR,MGI:1349441
51109,RDH11,RDH11,RDH11,MGI:102581
51146,A4GNT,A4GNT,A4GNT,MGI:2143261
51166,AADAT,AADAT,AADAT,MGI:1345167
51179,HAO2,HAO2,HAO2,MGI:96012
51181,DCXR,DCXR,DCXR,MGI:1915130
51196,PLCE1,PLCE1,PLCE1,MGI:1921305
51205,ACP6,ACP6,ACP6,MGI:1931010
51227,PIGP,PIGP,PIGP,MGI:1860433
51251,NT5C3A,NT5C3,NT5C3,MGI:1927186
51268,PIPOX,PIPOX,PIPOX,MGI:1197006
51292,GMPR2,GMPR2,GMPR2,MGI:1917903
51296,SLC15A3,SLC15A3,SLC15A3,MGI:1929691
513,ATP5D,ATP5D,ATP5D,MGI:1913293
5130,PCYT1A,PCYT1A,PCYT1A,MGI:88557
51301,GCNT4,GCNT4,GCNT4,MGI:2684919
51302,CYP39A1,CYP39A1,CYP39A1,MGI:1927096
5136,PDE1A,PDE1A,PDE1A,MGI:1201792
5137,PDE1C,PDE1C,PDE1C,MGI:108413
5138,PDE2A,PDE2A,PDE2A;GM45837,MGI:2446107;MGI:5804952
51380,CSAD,CSAD,CSAD,MGI:2180098
51382,ATP6V1D,ATP6V1D,ATP6V1D,MGI:1921084
5139,PDE3A,PDE3A,PDE3A,MGI:1860764
514,ATP5E,ATP5E,ATP5E,MGI:1855697
5140,PDE3B,PDE3B,PDE3B,MGI:1333863
5141,PDE4A,PDE4A,PDE4A,MGI:99558
5142,PDE4B,PDE4B,PDE4B,MGI:99557
5143,PDE4C,PDE4C,PDE4C,MGI:99556
5144,PDE4D,PDE4D,PDE4D,MGI:99555
51447,IP6K2,IP6K2,IP6K2,MGI:1923750
5145,PDE6A,PDE6A,PDE6A,MGI:97524
5146,PDE6C,PDE6C,PDE6C,MGI:105956
5147,PDE6D,PDE6D,PDE6D,MGI:1270843
51477,ISYNA1,ISYNA1,ISYNA1,MGI:1919030
51478,HSD17B7,HSD17B7,HSD17B7,MGI:1330808
5148,PDE6G,PDE6G,PDE6G,MGI:97526
5149,PDE6H,PDE6H,PDE6H,MGI:1925850
515,ATP5F1,ATP5F1,ATP5F1,MGI:1100495
5150,PDE7A,PDE7A,PDE7A,MGI:1202402
5151,PDE8A,PDE8A,PDE8A,MGI:1277116
5152,PDE9A,PDE9A,PDE9A,MGI:1277179
51529,ANAPC11,ANAPC11,ANAPC11,MGI:1913406
5153,PDE1B,PDE1B,PDE1B,MGI:97523
51540,SCLY,SCLY,SCLY,MGI:1355310
51550,CINP,CINP,CINP,MGI:1914486
51557,LGSN,LGSN,LGSN,MGI:2672844
5158,PDE6B,PDE6B,PDE6B,MGI:97525
516,ATP5G1,ATP5G1,ATP5G1,MGI:107653
5160,PDHA1,PDHA1,PDHA1,MGI:97532
51604,PIGT,PIGT,PIGT,MGI:1926178
51606,ATP6V1H,ATP6V1H,ATP6V1H,MGI:1914864
5161,PDHA2,PDHA2,PDHA2,MGI:97533
5162,PDHB,PDHB,PDHB,MGI:1915513
5167,ENPP1,ENPP1,ENPP1,MGI:97370
5168,ENPP2,ENPP2,ENPP2,MGI:1321390
5169,ENPP3,ENPP3,ENPP3,MGI:2143702
517,ATP5G2,ATP5G2,ATP5G2,MGI:1915192
51700,CYB5R2,CYB5R2,CYB5R2,MGI:2444415
51703,ACSL5,ACSL5,ACSL5,MGI:1919129
51706,CYB5R1,CYB5R1,CYB5R1,MGI:1919267
5172,SLC26A4,SLC26A4,SLC26A4,MGI:1346029
51727,CMPK1,CMPK1,CMPK1,MGI:1913838
51733,UPB1,UPB1,UPB1,MGI:2143535
518,ATP5G3,ATP5G3,ATP5G3,MGI:2442035
51805,COQ3,COQ3,COQ3,MGI:101813
51809,GALNT7,GALNT7,GALNT7,MGI:1349449
5184,PEPD,PEPD,PEPD,MGI:97542
5198,PFAS,PFAS,PFAS,MGI:2684864
52,ACP1,ACP1,ACP1,MGI:87881
5207,PFKFB1,PFKFB1,PFKFB1,MGI:107816
5208,PFKFB2,PFKFB2,PFKFB2;GM29427,MGI:107815;MGI:5580133
5209,PFKFB3,PFKFB3,PFKFB3,MGI:2181202
521,ATP5I,ATP5K,ATP5K,MGI:106636
5210,PFKFB4,PFKFB4,PFKFB4,MGI:2687284
5211,PFKL,PFKL,PFKL,MGI:97547
5213,PFKM,PFKM,PFKM,MGI:97548
5214,PFKP,PFKP,PFKP,MGI:1891833
522,ATP5J,ATP5J,ATP5J,MGI:107777
5223,PGAM1,PGAM1,PGAM1,MGI:97552
5224,PGAM2,PGAM2,PGAM2,MGI:1933118
5226,PGD,PGD,PGD,MGI:97553
523,ATP6V1A,ATP6V1A,ATP6V1A,MGI:1201780
5230,PGK1,PGK1,PGK1,MGI:97555
5232,PGK2,PGK2,PGK2,MGI:97563
5236,PGM1,PGM2,PGM2,MGI:97565
5238,PGM3,PGM3,PGM3,MGI:97566
5244,ABCB4,ABCB4,ABCB4,MGI:97569
525,ATP6V1B1,ATP6V1B1,ATP6V1B1,MGI:103285
5250,SLC25A3,SLC25A3,SLC25A3,MGI:1353498
5251,PHEX,PHEX,PHEX,MGI:107489
526,ATP6V1B2,ATP6V1B2,ATP6V1B2,MGI:109618
5264,PHYH,PHYH,PHYH,MGI:891978
5265,SERPINA1,SERPINA1B,SERPINA1B;SERPINA1D;SERPINA1A;SERPINA1C;SERPINA1E,MGI:891970;MGI:891968;MGI:891971;MGI:891969;MGI:891967
527,ATP6V0C,ATP6V0C,ATP6V0C,MGI:88116
5277,PIGA,PIGA,PIGA,MGI:99461
5279,PIGC,PIGC,PIGC,MGI:1914542
528,ATP6V1C1,ATP6V1C1,ATP6V1C1,MGI:1913585
5281,PIGF,PIGF,PIGF,MGI:99462
5283,PIGH,PIGH,PIGH,MGI:99463
5286,PIK3C2A,PIK3C2A,PIK3C2A,MGI:1203729
5287,PIK3C2B,PIK3C2B,PIK3C2B,MGI:2685045
5288,PIK3C2G,PIK3C2G,PIK3C2G,MGI:1203730
5289,PIK3C3,PIK3C3,PIK3C3,MGI:2445019
529,ATP6V1E1,ATP6V1E1,ATP6V1E1,MGI:894326
5290,PIK3CA,PIK3CA,PIK3CA,MGI:1206581
5291,PIK3CB,PIK3CB,PIK3CB,MGI:1922019
5293,PIK3CD,PIK3CD,PIK3CD,MGI:1098211
5294,PIK3CG,PIK3CG,PIK3CG,MGI:1353576
5295,PIK3R1,PIK3R1,PIK3R1,MGI:97583
5296,PIK3R2,PIK3R2,PIK3R2,MGI:1098772
5297,PI4KA,PI4KA,PI4KA,MGI:2448506
5298,PI4KB,PI4KB,PI4KB,MGI:1334433
53,ACP2,ACP2,ACP2,MGI:87882
5305,PIP4K2A,PIP4K2A,PIP4K2A,MGI:1298206
5313,PKLR,PKLR,PKLR,MGI:97604
5315,PKM,PKM,PKM,MGI:97591
5319,PLA2G1B,PLA2G1B,PLA2G1B,MGI:101842
5320,PLA2G2A,PLA2G2A,PLA2G2A,MGI:104642
5321,PLA2G4A,PLA2G4A,PLA2G4A,MGI:1195256
5322,PLA2G5,PLA2G5,PLA2G5,MGI:101899
533,ATP6V0B,ATP6V0B,ATP6V0B,MGI:1890510
5330,PLCB2,PLCB2,PLCB2,MGI:107465
5331,PLCB3,PLCB3,PLCB3,MGI:104778
5332,PLCB4,PLCB4,PLCB4,MGI:107464
5333,PLCD1,PLCD1,PLCD1,MGI:97614
5334,PLCL1,PLCL1,PLCL1,MGI:3036262
53343,NUDT9,NUDT9,NUDT9,MGI:1921417
5335,PLCG1,PLCG1,PLCG1,MGI:97615
53354,PANK1,PANK1,PANK1,MGI:1922985
5336,PLCG2,PLCG2,PLCG2,MGI:97616
5337,PLD1,PLD1,PLD1,MGI:109585
5338,PLD2,PLD2,PLD2,MGI:892877
534,ATP6V1G2,ATP6V1G2,ATP6V1G2,MGI:1913487
5340,PLG,PLG,PLG,MGI:97620
535,ATP6V0A1,ATP6V0A1,ATP6V0A1,MGI:103286
5351,PLOD1,PLOD1,PLOD1,MGI:99907
5352,PLOD2,PLOD2,PLOD2,MGI:1347007
53630,BCO1,BCO1,BCO1,MGI:1926923
5372,PMM1,PMM1,PMM1,MGI:1353418
5373,PMM2,PMM2,PMM2,MGI:1859214
539,ATP5O,ATP5O,ATP5O,MGI:106341
53905,DUOX1,DUOX1,DUOX1,MGI:2139422
53919,SLCO1C1,SLCO1C1,SLCO1C1,MGI:1889679
53947,A4GALT,A4GALT,A4GALT,MGI:3512453
54,ACP5,ACP5,ACP5,MGI:87883
54020,SLC37A1,SLC37A1,SLC37A1,MGI:2446181
5406,PNLIP,PNLIP,PNLIP,MGI:97722
5407,PNLIPRP1,PNLIPRP1,PNLIPRP1,MGI:97723
5408,PNLIPRP2,PNLIPRP2,PNLIPRP2,MGI:1336202
5409,PNMT,PNMT,PNMT,MGI:97724
54187,NANS,NANS,NANS,MGI:2149820
54344,DPM3,DPM3,DPM3,MGI:1915813
54363,HAO1,HAO1,HAO1,MGI:96011
54407,SLC38A2,SLC38A2,SLC38A2,MGI:1915010
54480,CHPF2,CHPF2,CHPF2,MGI:1917522
54490,UGT2B28,UGT2B34,UGT2B34;UGT2B1;UGT2B35;UGT2B36;UGT2B5;UGT2B37;UGT2B38,MGI:2140962;MGI:1919023;MGI:3576100;MGI:3576103;MGI:98900;MGI:2148239;MGI:2140794
54511,HMGCLL1,HMGCLL1,HMGCLL1,MGI:2446108
54539,NDUFB11,1700029P11RIK,1700029P11RIK;NDUFB11,MGI:1913596;MGI:1349919
54575,UGT1A10,UGT1A8,UGT1A8;UGT1A10;UGT1A9,MGI:3576090;MGI:3580642;MGI:3576092
54576,UGT1A8,UGT1A8,UGT1A8;UGT1A10;UGT1A9,MGI:3576090;MGI:3580642;MGI:3576092
54577,UGT1A7,UGT1A8,UGT1A8;UGT1A10;UGT1A9,MGI:3576090;MGI:3580642;MGI:3576092
54578,UGT1A6,UGT1A7C,UGT1A7C;UGT1A6B;UGT1A6A,MGI:3032636;MGI:3580629;MGI:2137698
54579,UGT1A5,UGT1A2,UGT1A2;UGT1A5,MGI:3576049;MGI:3032634
54600,UGT1A9,UGT1A8,UGT1A8;UGT1A10;UGT1A9,MGI:3576090;MGI:3580642;MGI:3576092
5464,PPA1,PPA1,PPA1,MGI:97831
54657,UGT1A4,UGT1A2,UGT1A2;UGT1A5,MGI:3576049;MGI:3032634
54658,UGT1A1,UGT1A1,UGT1A1,MGI:98898
54659,UGT1A3,UGT1A2,UGT1A2;UGT1A5,MGI:3576049;MGI:3032634
54675,CRLS1,CRLS1,CRLS1,MGI:1913836
54677,CROT,CROT,CROT,MGI:1921364
54682,MANSC1,MANSC1,MANSC1,MGI:1914979
5471,PPAT,PPAT,PPAT,MGI:2387203
54716,SLC6A20,SLC6A20B,SLC6A20B;SLC6A20A,MGI:1336891;MGI:2143217
5476,CTSA,CTSA,CTSA,MGI:97748
548596,CKMT1A,CKMT1,CKMT1,MGI:99441
54872,PIGG,PIGG,PIGG,MGI:3576484
54898,ELOVL2,ELOVL2,ELOVL2,MGI:1858960
549,AUH,AUH,AUH,MGI:1338011
54963,UCKL1,UCKL1,UCKL1,MGI:1915806
54965,PIGX,PIGX,PIGX,MGI:1919334
5498,PPOX,PPOX,PPOX,MGI:104968
54981,NMRK1,NMRK1,NMRK1,MGI:2147434
54995,OXSM,OXSM,OXSM,MGI:1918397
55,ACPP,ACPP,ACPP,MGI:1928480
55065,SLC52A1,SLC52A2,SLC52A2,MGI:1289288
55089,SLC38A4,SLC38A4,SLC38A4,MGI:1916604
55163,PNPO,PNPO,PNPO,MGI:2144151
55191,NADSYN1,NADSYN1,NADSYN1,MGI:1926164
55217,TMLHE,TMLHE,TMLHE,MGI:2180203
55224,ETNK2,ETNK2,ETNK2,MGI:2443760
55229,PANK4,PANK4,PANK4,MGI:2387466
55268,ECHDC2,ECHDC2,ECHDC2,MGI:1289238
55276,PGM2,PGM1,PGM1,MGI:97564
55293,UEVLD,UEVLD,UEVLD,MGI:1860490
55301,OLAH,OLAH,OLAH,MGI:2139018
55304,SPTLC3,SPTLC3,SPTLC3,MGI:2444678
55312,RFK,RFK,RFK,MGI:1914688
55315,SLC29A3,SLC29A3,SLC29A3,MGI:1918529
55326,AGPAT5,AGPAT5,AGPAT5,MGI:1196345
55343,SLC35C1,SLC35C1,SLC35C1,MGI:2443301
55349,CHDH,CHDH,CHDH,MGI:1860776
55350,VNN3,VNN3,VNN3,MGI:1347055
55361,PI4K2A,PI4K2A,PI4K2A,MGI:1934031
5538,PPT1,PPT1,PPT1,MGI:1298204
55454,CSGALNACT2,CSGALNACT2,CSGALNACT2,MGI:1926002
55500,ETNK1,ETNK1,ETNK1,MGI:1922570
55501,CHST12,CHST12,CHST12,MGI:1929064
55512,SMPD3,SMPD3,SMPD3,MGI:1927578
55568,GALNT10,GALNT10,GALNT10,MGI:1890480
55577,NAGK,NAGK,NAGK,MGI:1860418
55586,MIOX,MIOX,MIOX,MGI:1891725
55627,SMPD4,SMPD4,SMPD4,MGI:1924876
55650,PIGV,PIGV,PIGV,MGI:2442480
55748,CNDP2,CNDP2,CNDP2,MGI:1913304
55790,CSGALNACT1,CSGALNACT1,CSGALNACT1,MGI:2442354
55808,ST6GALNAC1,ST6GALNAC1,ST6GALNAC1,MGI:1341826
55811,ADCY10,ADCY10,ADCY10,MGI:2660854
55825,PECR,PECR,PECR,MGI:2148199
55902,ACSS2,ACSS2,ACSS2,MGI:1890410
55907,CMAS,CMAS,CMAS,MGI:1337124
55967,NDUFA12,NDUFA12,NDUFA12,MGI:1913664
56052,ALG1,ALG1,ALG1,MGI:2384774
5625,PRODH,PRODH,PRODH,MGI:97770
56267,KYAT3,KYAT3,KYAT3,MGI:2677849
56301,SLC7A10,SLC7A10,SLC7A10,MGI:1858261
5631,PRPS1,PRPS1,PRPS1,MGI:97775
5634,PRPS2,PRPS2,PRPS2,MGI:97776
56474,CTPS2,CTPS2,CTPS2,MGI:1933185
56548,CHST7,CHST7,CHST7,MGI:1891767
56603,CYP26B1,CYP26B1,CYP26B1,MGI:2176159
56606,SLC2A9,SLC2A9,SLC2A9,MGI:2152844
56623,INPP5E,INPP5E,INPP5E,MGI:1927753
56848,SPHK2,SPHK2,SPHK2,MGI:1861380
56894,AGPAT3,AGPAT3,AGPAT3,MGI:1336186
56895,AGPAT4,AGPAT4,AGPAT4,MGI:1915512
56913,C1GALT1,C1GALT1,C1GALT1,MGI:2151071
56922,MCCC1,MCCC1,MCCC1,MGI:1919289
56953,NT5M,NT5M,NT5M,MGI:1917127
56954,NIT2,NIT2,NIT2,MGI:1261838
56994,CHPT1,CHPT1,CHPT1,MGI:2384841
570,BAAT,BAAT,BAAT,MGI:106642
57026,NA,NA,NA,NA
57030,SLC17A7,SLC17A7,SLC17A7,MGI:1920211
57084,SLC17A6,SLC17A6,SLC17A6,MGI:2156052
57094,CPA6,CPA6,CPA6,MGI:3045348
57127,RHBG,RHBG,RHBG;GM38392,MGI:1927379;MGI:5613632
57134,MAN1C1,MAN1C1,MAN1C1,MGI:2446214
57171,DOLPP1,DOLPP1,DOLPP1,MGI:1914093
57194,ATP10A,ATP10A,ATP10A,MGI:1330809
5723,PSPH,PSPH,PSPH,MGI:97788
5728,PTEN,PTEN,PTEN,MGI:109583
57282,SLC4A10,SLC4A10,SLC4A10,MGI:2150150
5730,PTGDS,PTGDS,PTGDS,MGI:99261
57379,AICDA,AICDA,AICDA,MGI:1342279
57393,TMEM27,TMEM27,TMEM27,MGI:1926234
5740,PTGIS,PTGIS,PTGIS,MGI:1097156
57419,SLC24A3,SLC24A3,SLC24A3,MGI:2137513
5742,PTGS1,PTGS1,PTGS1,MGI:97797
5743,PTGS2,PTGS2,PTGS2,MGI:97798
57468,SLC12A5,SLC12A5,SLC12A5,MGI:1862037
57486,NLN,NLN,NLN,MGI:1923055
57571,CARNS1,CARNS1,CARNS1,MGI:2147595
57665,RDH14,RDH14,RDH14,MGI:1920402
57678,GPAM,GPAM,GPAM,MGI:109162
57733,NA,NA,NA,NA
57818,G6PC2,G6PC2,G6PC2,MGI:1277193
57834,CYP4F11,CYP4F15,CYP4F15;CYP4F18;CYP4F40;CYP4F14,MGI:2146921;MGI:1919304;MGI:3645508;MGI:1927669
57835,SLC4A5,SLC4A5,SLC4A5,MGI:2443220
5805,PTS,PTS,PTS,MGI:1338783
5825,ABCD3,ABCD3,ABCD3,MGI:1349216
5831,PYCR1,PYCR1,PYCR1,MGI:2384795
5832,ALDH18A1,ALDH18A1,ALDH18A1,MGI:1888908
5833,PCYT2,PCYT2,PCYT2,MGI:1915921
5834,PYGB,PYGB,PYGB,MGI:97828
5836,PYGL,PYGL,PYGL,MGI:97829
5837,PYGM,PYGM,PYGM,MGI:97830
58508,KMT2C,KMT2C,KMT2C,MGI:2444959
58510,PRODH2,PRODH2,PRODH2,MGI:1929093
586,BCAT1,BCAT1,BCAT1,MGI:104861
5860,QDPR,QDPR,QDPR,MGI:97836
587,BCAT2,BCAT2,BCAT2,MGI:1276534
59272,ACE2,ACE2,ACE2,MGI:1917258
593,BCKDHA,BCKDHA,BCKDHA,MGI:107701
594,BCKDHB,BCKDHB,BCKDHB,MGI:88137
5947,RBP1,RBP1,RBP1,MGI:97876
5948,RBP2,RBP2,RBP2,MGI:97877
5950,RBP4,RBP4,RBP4,MGI:97879
5959,RDH5,RDH5,RDH5,MGI:1201412
5973,RENBP,RENBP,RENBP,MGI:105940
6005,RHAG,RHAG,RHAG,MGI:1202713
60386,SLC25A19,SLC25A19,SLC25A19,MGI:1914533
60481,ELOVL5,ELOVL5,ELOVL5,MGI:1916051
60482,SLC5A7,SLC5A7,SLC5A7,MGI:1927126
60490,PPCDC,PPCDC,PPCDC,MGI:1914062
60496,AASDHPPT,AASDHPPT,AASDHPPT,MGI:1914868
60559,SPCS3,SPCS3,SPCS3,MGI:1923937
6120,RPE,RPE,RPE,MGI:1913896
6184,RPN1,RPN1,RPN1,MGI:98084
6185,RPN2,RPN2,RPN2,MGI:98085
622,BDH1,BDH1,BDH1,MGI:1919161
6240,RRM1,RRM1,RRM1,MGI:98180
6241,RRM2,RRM2,RRM2,MGI:98181
6303,SAT1,SAT1,SAT1,MGI:98233
6307,MSMO1,MSMO1,MSMO1,MGI:1913484
6309,SC5D,SC5D,SC5D,MGI:1353611
6319,SCD,SCD4,SCD4;SCD2;SCD1;SCD3,MGI:2670997;MGI:98240;MGI:98239;MGI:1353437
6342,SCP2,SCP2,SCP2,MGI:98254
635,BHMT,BHMT,BHMT;GM5096,MGI:1339972;MGI:3643681
6389,SDHA,SDHA,SDHA,MGI:1914195
6390,SDHB,SDHB,SDHB,MGI:1914930
6391,SDHC,SDHC,SDHC,MGI:1913302
63917,GALNT11,GALNT11,GALNT11,MGI:2444392
6392,SDHD,SDHD,SDHD,MGI:1914175
64064,OXCT2,OXCT2B,OXCT2B;OXCT2A,MGI:2664115;MGI:1891061
64077,LHPP,LHPP,LHPP,MGI:1923679
64078,SLC28A3,SLC28A3,SLC28A3,MGI:2137361
64080,RBKS,RBKS,RBKS,MGI:1918586
64087,MCCC2,MCCC2,MCCC2,MGI:1925288
64131,XYLT1,XYLT1,XYLT1,MGI:2451073
64132,XYLT2,XYLT2,XYLT2,MGI:2444797
641371,ACOT1,ACOT2,ACOT2;ACOT1;ACOT3;ACOT5,MGI:2159605;MGI:1349396;MGI:2159619;MGI:2384969
641372,ACOT6,ACOT6,ACOT6,MGI:1921287
641649,TMEM91,TMEM91,TMEM91,MGI:2443589
64220,STRA6,STRA6,STRA6,MGI:107742
64240,ABCG5,ABCG5,ABCG5,MGI:1351659
64241,ABCG8,ABCG8,ABCG8,MGI:1914720
644,BLVRA,BLVRA,BLVRA,MGI:88170
6448,SGSH,SGSH,SGSH,MGI:1350341
64499,TPSB2,TPSAB1,TPSAB1;TPSB2,MGI:96943;MGI:96942
645,BLVRB,BLVRB,BLVRB,MGI:2385271
645740,NA,NA,NA,NA
64579,NDST4,NDST4,NDST4,MGI:1932545
64600,PLA2G2F,PLA2G2F,PLA2G2F,MGI:1349661
6470,SHMT1,SHMT1,SHMT1,MGI:98299
64711,HS3ST6,HS3ST6,HS3ST6,MGI:3580487
6472,SHMT2,SHMT2,SHMT2,MGI:1277989
6476,SI,SIS,SIS,MGI:1917233
64772,ENGASE,ENGASE,ENGASE,MGI:2443788
64781,CERK,CERK,CERK,MGI:2386052
6480,ST6GAL1,ST6GAL1,ST6GAL1,MGI:108470
64802,NMNAT1,NMNAT1,NMNAT1,MGI:1913704
64816,CYP3A43,CYP3A13,CYP3A13;CYP3A57;CYP3A16;CYP3A41B;CYP3A41A;CYP3A44;CYP3A11;CYP3A25;CYP3A59,MGI:88610;MGI:3646373;MGI:106099;MGI:3714859;MGI:1858451;MGI:2449818;MGI:88609;MGI:1930638;MGI:3769707
6482,ST3GAL1,ST3GAL1,ST3GAL1,MGI:98304
6483,ST3GAL2,ST3GAL2,ST3GAL2,MGI:99427
64834,ELOVL1,ELOVL1,ELOVL1,MGI:1858959
6484,ST3GAL4,ST3GAL4,ST3GAL4,MGI:1316743
64841,GNPNAT1,GNPNAT1,GNPNAT1,MGI:1858963
64849,SLC13A3,SLC13A3,SLC13A3,MGI:2149635
64850,ETNPPL,ETNPPL,ETNPPL,MGI:1919010
6487,ST3GAL3,ST3GAL3,ST3GAL3,MGI:1316659
6489,ST8SIA1,ST8SIA1,ST8SIA1,MGI:106011
64902,AGXT2,AGXT2,AGXT2,MGI:2146052
65010,SLC26A6,SLC26A6,SLC26A6,MGI:2159728
6505,SLC1A1,SLC1A1,SLC1A1,MGI:105083
6506,SLC1A2,SLC1A2,SLC1A2,MGI:101931
6507,SLC1A3,SLC1A3,SLC1A3,MGI:99917
6508,SLC4A3,SLC4A3,SLC4A3,MGI:109350
6509,SLC1A4,SLC1A4,SLC1A4,MGI:2135601
6510,SLC1A5,SLC1A5,SLC1A5,MGI:105305
6511,SLC1A6,SLC1A6,SLC1A6,MGI:1096331
6512,SLC1A7,SLC1A7,SLC1A7,MGI:2444087
6513,SLC2A1,SLC2A1,SLC2A1,MGI:95755
6514,SLC2A2,SLC2A2,SLC2A2,MGI:1095438
6515,SLC2A3,SLC2A3,SLC2A3,MGI:95757
6517,SLC2A4,SLC2A4,SLC2A4,MGI:95758
6518,SLC2A5,SLC2A5,SLC2A5,MGI:1928369
6519,SLC3A1,SLC3A1,SLC3A1,MGI:1195264
6520,SLC3A2,SLC3A2,SLC3A2,MGI:96955
6521,SLC4A1,SLC4A1,SLC4A1,MGI:109393
6522,SLC4A2,SLC4A2,SLC4A2,MGI:109351
65220,NADK,NADK,NADK,MGI:2183149
6523,SLC5A1,SLC5A1,SLC5A1,MGI:107678
6524,SLC5A2,SLC5A2,SLC5A2,MGI:2181411
6526,SLC5A3,SLC5A3,SLC5A3,MGI:1858226
65263,PYCR3,PYCRL,PYCRL,MGI:1913444
6528,SLC5A5,SLC5A5,SLC5A5,MGI:2149330
6529,SLC6A1,SLC6A1,SLC6A1,MGI:95627
6530,SLC6A2,SLC6A2,SLC6A2,MGI:1270850
6531,SLC6A3,SLC6A3,SLC6A3,MGI:94862
6532,SLC6A4,SLC6A4,SLC6A4,MGI:96285
6533,SLC6A6,SLC6A6,SLC6A6,MGI:98488
6534,SLC6A7,SLC6A7,SLC6A7,MGI:2147363
6535,SLC6A8,SLC6A8,SLC6A8,MGI:2147834
6536,SLC6A9,SLC6A9,SLC6A9,MGI:95760
6538,SLC6A11,SLC6A11,SLC6A11,MGI:95630
6539,SLC6A12,SLC6A12,SLC6A12,MGI:95628
6540,SLC6A13,SLC6A13,SLC6A13,MGI:95629
6541,SLC7A1,SLC7A1,SLC7A1,MGI:88117
6542,SLC7A2,SLC7A2,SLC7A2,MGI:99828
6543,SLC8A2,SLC8A2,SLC8A2,MGI:107996
6546,SLC8A1,SLC8A1,SLC8A1,MGI:107956
6547,SLC8A3,SLC8A3,SLC8A3,MGI:107976
6548,SLC9A1,SLC9A1,SLC9A1,MGI:102462
6549,SLC9A2,SLC9A2,SLC9A2,MGI:105075
6550,SLC9A3,SLC9A3,SLC9A3,MGI:105064
6553,SLC9A5,SLC9A5,SLC9A5,MGI:2685542
6554,SLC10A1,SLC10A1,SLC10A1,MGI:97379
6555,SLC10A2,SLC10A2,SLC10A2,MGI:1201406
6556,SLC11A1,SLC11A1,SLC11A1,MGI:1345275
6557,SLC12A1,SLC12A1,SLC12A1,MGI:103150
6558,SLC12A2,SLC12A2,SLC12A2,MGI:101924
6559,SLC12A3,SLC12A3,SLC12A3,MGI:108114
6560,SLC12A4,SLC12A4,SLC12A4,MGI:1309465
6561,SLC13A1,SLC13A1,SLC13A1,MGI:1859937
6563,SLC14A1,SLC14A1,SLC14A1,MGI:1351654
6564,SLC15A1,SLC15A1,SLC15A1,MGI:1861376
6565,SLC15A2,SLC15A2,SLC15A2,MGI:1890457
6566,SLC16A1,SLC16A1,SLC16A1,MGI:106013
6567,SLC16A2,SLC16A2,SLC16A2,MGI:1203732
6568,SLC17A1,SLC17A1,SLC17A1,MGI:103209
6569,SLC34A1,SLC34A1,SLC34A1,MGI:1345284
6570,SLC18A1,SLC18A1,SLC18A1,MGI:106684
6571,SLC18A2,SLC18A2,SLC18A2,MGI:106677
6572,SLC18A3,SLC18A3,SLC18A3,MGI:1101061
6573,SLC19A1,SLC19A1,SLC19A1,MGI:103182
6574,SLC20A1,SLC20A1,SLC20A1,MGI:108392
6575,SLC20A2,SLC20A2,SLC20A2,MGI:97851
6576,SLC25A1,SLC25A1,SLC25A1,MGI:1345283
6578,SLCO2A1,SLCO2A1,SLCO2A1,MGI:1346021
6579,SLCO1A2,SLCO1A1,SLCO1A1;GM6614;SLCO1A6;SLCO1A5;GM5724;SLCO1A4,MGI:1351891;MGI:3647159;MGI:1351906;MGI:1351865;MGI:3643685;MGI:1351896
6580,SLC22A1,SLC22A1,SLC22A1,MGI:108111
6581,SLC22A3,SLC22A3,SLC22A3,MGI:1333817
6582,SLC22A2,SLC22A2,SLC22A2,MGI:1335072
6583,SLC22A4,SLC22A4,SLC22A4,MGI:1353479
6584,SLC22A5,SLC22A5,SLC22A5;SLC22A21,MGI:1329012;MGI:1929481
65985,AACS,AACS,AACS,MGI:1926144
66002,CYP4F12,CYP4F15,CYP4F15;CYP4F18;CYP4F40;CYP4F14,MGI:2146921;MGI:1919304;MGI:3645508;MGI:1927669
66035,NA,NA,NA,NA
6609,SMPD1,SMPD1,SMPD1,MGI:98325
6610,SMPD2,SMPD2,SMPD2,MGI:1278330
6611,SMS,SMS,SMS,MGI:109490
6646,SOAT1,SOAT1,SOAT1,MGI:104665
6647,SOD1,SOD1,SOD1,MGI:98351
6648,SOD2,SOD2,SOD2,MGI:98352
6649,SOD3,SOD3,SOD3,MGI:103181
6652,SORD,SORD,SORD,MGI:98266
6675,UAP1,UAP1,UAP1,MGI:1334459
669,BPGM,BPGM,BPGM,MGI:1098242
6697,SPR,SPR,SPR,MGI:103078
6713,SQLE,SQLE,SQLE,MGI:109296
6715,SRD5A1,SRD5A1,SRD5A1,MGI:98400
6716,SRD5A2,SRD5A2,SRD5A2,MGI:2150380
6718,AKR1D1,AKR1D1,AKR1D1,MGI:2384785
6723,SRM,SRM,SRM,MGI:102690
6783,SULT1E1,SULT1E1,SULT1E1,MGI:98431
6785,ELOVL4,ELOVL4,ELOVL4,MGI:1933331
6799,SULT1A2,SULT1A1,SULT1A1,MGI:102896
6817,SULT1A1,SULT1A1,SULT1A1,MGI:102896
6818,SULT1A3,SULT1A1,SULT1A1,MGI:102896
682,BSG,BSG,BSG,MGI:88208
6820,SULT2B1,SULT2B1,SULT2B1,MGI:1926342
6821,SUOX,SUOX,SUOX,MGI:2446117
6822,SULT2A1,SULT2A1,SULT2A1;SULT2A4;SULT2A3;SULT2A6;SULT2A8;SULT2A7,MGI:98430;MGI:3645854;MGI:3645873;MGI:3648915;MGI:1924221;MGI:3645246
6833,ABCC8,ABCC8,ABCC8,MGI:1352629
6839,SUV39H1,SUV39H1,SUV39H1,MGI:1099440
686,BTD,BTD,BTD,MGI:1347001
6888,TALDO1,TALDO1,TALDO1,MGI:1274789
6898,TAT,TAT,TAT,MGI:98487
6916,TBXAS1,TBXAS1,TBXAS1,MGI:98497
6999,TDO2,TDO2,TDO2,MGI:1928486
7001,PRDX2,PRDX2,PRDX2;GM5225,MGI:109486;MGI:3779476
7037,TFRC,TFRC,TFRC,MGI:98822
7054,TH,TH,TH,MGI:98735
7083,TK1,TK1,TK1,MGI:98763
7084,TK2,TK2,TK2,MGI:1913266
7086,TKT,TKT,TKT,MGI:105992
7108,TM7SF2,TM7SF2,TM7SF2,MGI:1920416
7166,TPH1,TPH1,TPH1,MGI:98796
7167,TPI1,TPI1,TPI1,MGI:98797
7173,TPO,TPO,TPO,MGI:98813
7177,TPSAB1,TPSAB1,TPSAB1;TPSB2,MGI:96943;MGI:96942
7263,TST,TST,TST,MGI:98852
7264,TSTA3,TSTA3,TSTA3,MGI:98857
728441,GGT1;GGT2,GGT1,GGT1,MGI:95706
7295,TXN,TXN1,TXN1,MGI:98874
7296,TXNRD1,TXNRD1,TXNRD1,MGI:1354175
7298,TYMS,TYMS,TYMS,MGI:98878
7299,TYR,TYR,TYR,MGI:98880
7306,TYRP1,TYRP1,TYRP1,MGI:98881
7350,UCP1,UCP1,UCP1,MGI:98894
7351,UCP2,UCP2,UCP2,MGI:109354
7352,UCP3,UCP3,UCP3,MGI:1099787
7355,SLC35A2,SLC35A2,SLC35A2,MGI:1345297
7357,UGCG,UGCG,UGCG,MGI:1332243
7358,UGDH,UGDH,UGDH,MGI:1306785
7360,UGP2,UGP2,UGP2,MGI:2183447
7363,UGT2B4,UGT2B34,UGT2B34;UGT2B1;UGT2B35;UGT2B36;UGT2B5;UGT2B37;UGT2B38,MGI:2140962;MGI:1919023;MGI:3576100;MGI:3576103;MGI:98900;MGI:2148239;MGI:2140794
7364,UGT2B7,UGT2B34,UGT2B34;UGT2B1;UGT2B35;UGT2B36;UGT2B5;UGT2B37;UGT2B38,MGI:2140962;MGI:1919023;MGI:3576100;MGI:3576103;MGI:98900;MGI:2148239;MGI:2140794
7365,UGT2B10,UGT2B34,UGT2B34;UGT2B1;UGT2B35;UGT2B36;UGT2B5;UGT2B37;UGT2B38,MGI:2140962;MGI:1919023;MGI:3576100;MGI:3576103;MGI:98900;MGI:2148239;MGI:2140794
7366,UGT2B15,UGT2B34,UGT2B34;UGT2B1;UGT2B35;UGT2B36;UGT2B5;UGT2B37;UGT2B38,MGI:2140962;MGI:1919023;MGI:3576100;MGI:3576103;MGI:98900;MGI:2148239;MGI:2140794
7367,UGT2B17,UGT2B34,UGT2B34;UGT2B1;UGT2B35;UGT2B36;UGT2B5;UGT2B37;UGT2B38,MGI:2140962;MGI:1919023;MGI:3576100;MGI:3576103;MGI:98900;MGI:2148239;MGI:2140794
7368,UGT8,UGT8A,UGT8A,MGI:109522
7371,UCK2,UCK2,UCK2,MGI:1931744
7372,UMPS,UMPS,UMPS,MGI:1298388
7378,UPP1,UPP1,UPP1,MGI:1097668
7381,UQCRB,UQCRB,UQCRB,MGI:1914780
7384,UQCRC1,UQCRC1,UQCRC1,MGI:107876
7385,UQCRC2,UQCRC2,UQCRC2,MGI:1914253
7386,UQCRFS1,UQCRFS1,UQCRFS1,MGI:1913944
7388,UQCRH,UQCRH,UQCRH,MGI:1913826
7389,UROD,UROD,UROD,MGI:98916
7390,UROS,UROS,UROS,MGI:98917
7498,XDH,XDH,XDH,MGI:98973
759,CA1,CAR1,CAR1,MGI:88268
760,CA2,CAR2,CAR2,MGI:88269
761,CA3,CAR3,CAR3,MGI:88270
762,CA4,CAR4,CAR4,MGI:1096574
763,CA5A,CAR5A,CAR5A,MGI:101946
765,CA6,CAR6,CAR6,MGI:1333786
766,CA7,CAR7,CAR7,MGI:103100
767,CA8,CAR8,CAR8,MGI:88253
768,CA9,CAR9,CAR9,MGI:2447188
771,CA12,CAR12,CAR12,MGI:1923709
7779,SLC30A1,SLC30A1,SLC30A1,MGI:1345281
7841,MOGS,MOGS,MOGS,MGI:1929872
788,SLC25A20,SLC25A20,SLC25A20,MGI:1928738
790,CAD,CAD,CAD,MGI:1916969
79017,GGCT,GGCT,GGCT,MGI:95700
79053,ALG8,ALG8,ALG8,MGI:2141959
79071,ELOVL6,ELOVL6,ELOVL6,MGI:2156528
79077,DCTPP1,DCTPP1,DCTPP1,MGI:1913672
79087,ALG12,ALG12,ALG12,MGI:2385025
7915,ALDH5A1,ALDH5A1,ALDH5A1,MGI:2441982
79178,THTPA,THTPA,THTPA,MGI:2446078
7923,HSD17B8,H2-KE6,H2-KE6,MGI:95911
79369,B3GNT4,B3GNT4,B3GNT4,MGI:2680208
7941,PLA2G7,PLA2G7,PLA2G7,MGI:1351327
79581,SLC52A2,SLC52A2,SLC52A2,MGI:1289288
79586,CHPF,CHPF,CHPF,MGI:106576
79611,ACSS3,ACSS3,ACSS3,MGI:2685720
79623,GALNT14,GALNT14,GALNT14,MGI:1918935
79646,PANK3,PANK3,PANK3,MGI:2387464
79695,GALNT12,GALNT12,GALNT12,MGI:2444664
79717,PPCS,PPCS,PPCS,MGI:1915237
79723,SUV39H2,SUV39H2,SUV39H2,MGI:1890396
79751,SLC25A22,SLC25A22,SLC25A22,MGI:1915517
79813,EHMT1,EHMT1,EHMT1,MGI:1924933
79814,AGMAT,AGMAT,AGMAT,MGI:1923236
79837,PIP4K2C,PIP4K2C,PIP4K2C,MGI:2152214
79896,THNSL1,THNSL1,THNSL1,MGI:2139347
79901,CYBRD1,CYBRD1,CYBRD1,MGI:2654575
7991,TUSC3,TUSC3,TUSC3,MGI:1933134
79966,NA,NA,NA,NA
80025,PANK2,PANK2,PANK2,MGI:1921700
80055,PGAP1,PGAP1,PGAP1,MGI:2443342
80142,PTGES2,PTGES2,PTGES2,MGI:1917592
80146,UXS1,UXS1,UXS1,MGI:1915133
80150,ASRGL1,ASRGL1,ASRGL1,MGI:1913764
80162,PGGHG,PGGHG,PGGHG,MGI:2444047
80168,MOGAT2,MOGAT2,MOGAT2,MGI:2663253
80201,HKDC1,HKDC1,HKDC1,MGI:2384910
80235,PIGZ,PIGZ,PIGZ,MGI:2443822
80270,HSD3B7,HSD3B7,HSD3B7,MGI:2141879
80271,ITPKC,ITPKC,ITPKC,MGI:2442554
8029,CUBN,CUBN,CUBN,MGI:1931256
80308,FLAD1,FLAD1,FLAD1,MGI:2443030
80339,PNPLA3,PNPLA3,PNPLA3,MGI:2151796
8034,SLC25A16,SLC25A16,SLC25A16,MGI:1920382
80347,COASY,COASY,COASY,MGI:1918993
8050,PDHX,PDHX,PDHX,MGI:1351627
80704,SLC19A3,SLC19A3,SLC19A3,MGI:1931307
80724,ACAD10,ACAD12,ACAD12;ACAD10,MGI:2443320;MGI:1919235
80854,SETD7,SETD7,SETD7,MGI:1920501
81031,SLC2A10,SLC2A10,SLC2A10,MGI:2156687
8140,SLC7A5,SLC7A5,SLC7A5,MGI:1298205
81490,PTDSS2,PTDSS2,PTDSS2,MGI:1351664
81537,SGPP1,SGPP1,SGPP1,MGI:2135760
81539,SLC38A1,SLC38A1,SLC38A1,MGI:2145895
81579,PLA2G12A,PLA2G12A,PLA2G12A,MGI:1913600
81616,ACSBG2,ACSBG2,ACSBG2,MGI:3587728
81693,AMN,AMN,AMN,MGI:1934943
8170,SLC14A2,SLC14A2,SLC14A2,MGI:1351653
81849,ST6GALNAC5,ST6GALNAC5,ST6GALNAC5,MGI:1349471
8228,NA,NA,NA,NA
8260,NAA10,NAA10,NAA10,MGI:1915255
8277,TKTL1,TKTL1,TKTL1,MGI:1933244
8288,EPX,EPX,EPX,MGI:107569
8309,ACOX2,ACOX2,ACOX2,MGI:1934852
8310,ACOX3,ACOX3,ACOX3,MGI:1933156
83549,UCK1,UCK1,UCK1,MGI:98904
83594,NUDT12,NUDT12,NUDT12,MGI:1915243
83697,SLC4A9,SLC4A9,SLC4A9,MGI:2443384
8372,HYAL3,HYAL3,HYAL3,MGI:1330288
83733,SLC25A18,SLC25A18,SLC25A18,MGI:1919053
83852,SETDB2,SETDB2,SETDB2,MGI:2685139
83884,SLC25A2,SLC25A2,SLC25A2,MGI:2137907
8394,PIP5K1A,PIP5K1A,PIP5K1A,MGI:107929
8395,PIP5K1B,PIP5K1B,PIP5K1B,MGI:107930
8396,PIP4K2B,PIP4K2B,PIP4K2B,MGI:1934234
8398,PLA2G6,PLA2G6,PLA2G6,MGI:1859152
8399,PLA2G10,PLA2G10,PLA2G10,MGI:1347522
84002,B3GNT5,B3GNT5,B3GNT5,MGI:2137302
8402,SLC25A11,SLC25A11,SLC25A11,MGI:1915113
84076,TKTL2,TKTL2,TKTL2,MGI:1921669
84105,PCBD2,PCBD2,PCBD2,MGI:1919812
84129,ACAD11,ACAD11,ACAD11,MGI:2143169
8418,NA,NA,NA,NA
8424,BBOX1,BBOX1,BBOX1,MGI:1891372
84264,HAGHL,HAGHL,HAGHL,MGI:1919877
8435,SOAT2,SOAT2,SOAT2,MGI:1332226
8443,GNPAT,GNPAT,GNPAT,MGI:1343460
84444,DOT1L,DOT1L,DOT1L,MGI:2143886
84532,ACSS1,ACSS1,ACSS1,MGI:1915988
84569,LYZL1,LYZL1,LYZL1,MGI:1914578
84618,NT5C1A,NT5C1A,NT5C1A,MGI:2155700
84649,DGAT2,DGAT2,DGAT2,MGI:1915050
84679,SLC9A7,SLC9A7,SLC9A7,MGI:2444530
84693,MCEE,MCEE,MCEE,MGI:1920974
847,CAT,CAT,CAT,MGI:88271
84701,COX4I2,COX4I2,COX4I2,MGI:2135755
84706,GPT2,GPT2,GPT2,MGI:1915391
84720,PIGO,PIGO,PIGO,MGI:1861452
84735,CNDP1,CNDP1,CNDP1,MGI:2451097
8479,HIRIP3,HIRIP3,HIRIP3,MGI:2142364
84803,GPAT3,GPAT3,GPAT3,MGI:3603816
84812,PLCD4,PLCD4,PLCD4,MGI:107469
84889,SLC7A3,SLC7A3,SLC7A3,MGI:1100521
84890,ADO,ADO,ADO,MGI:2685083
84912,SLC35B4,SLC35B4,SLC35B4,MGI:1931249
84920,ALG10,ALG10B,ALG10B,MGI:2146159
8501,SLC43A1,SLC43A1,SLC43A1,MGI:1931352
8503,;PIK3R3,PIK3R3,PIK3R3;1700042G07RIK,MGI:109277;MGI:1914573
8509,NDST2;,NDST2,NDST2,MGI:97040
8513,LIPF,LIPF,LIPF,MGI:1914967
8525,DGKZ,DGKZ,DGKZ,MGI:1278339
8526,DGKE,DGKE,DGKE,MGI:1889276
8527,DGKD,DGKD,DGKD,MGI:2138334
8528,DDO,DDO,DDO,MGI:1925528
8529,CYP4F2,CYP4F15,CYP4F15;CYP4F18;CYP4F40;CYP4F14,MGI:2146921;MGI:1919304;MGI:3645508;MGI:1927669
85320,NA,NA,NA,NA
8534,CHST1,CHST1,CHST1,MGI:1924219
85365,ALG2,ALG2,ALG2,MGI:1914731
8540,AGPS,AGPS,AGPS,MGI:2443065
85465,SELENOI,SELENOI,SELENOI,MGI:107898
8560,DEGS1,DEGS1,DEGS1;9130409I23RIK,MGI:1097711;MGI:3588271
8564,KMO,KMO,KMO,MGI:2138151
8566,PDXK,PDXK,PDXK,MGI:1351869
8574,AKR7A2,AKR7A5,AKR7A5,MGI:107796
8604,SLC25A12,SLC25A12,SLC25A12,MGI:1926080
8608,RDH16,RDH16F1,RDH16F1;RDH9;RDH1;RDH16;RDH19;RDH16F2;RDH7,MGI:5547782;MGI:2143528;MGI:1195275;MGI:1201375;MGI:2678390;MGI:3583955;MGI:1860517
8611,PLPP1,PLPP1,PLPP1,MGI:108412
8612,PLPP2,PLPP2,PLPP2,MGI:1354945
8613,PLPP3,PLPP3,PLPP3,MGI:1915166
8622,PDE8B,PDE8B,PDE8B,MGI:2443999
8639,AOC3,AOC3,AOC3,MGI:1306797
8647,ABCB11,ABCB11,ABCB11,MGI:1351619
8654,PDE5A,PDE5A,PDE5A,MGI:2651499
8659,ALDH4A1,ALDH4A1,ALDH4A1,MGI:2443883
8671,SLC4A4,SLC4A4,SLC4A4,MGI:1927555
8693,GALNT4,GALNT4,GALNT4,MGI:894692
8694,DGAT1,DGAT1,DGAT1,MGI:1333825
8703,B4GALT3,B4GALT3,B4GALT3,MGI:1928767
8704,B4GALT2,B4GALT2,B4GALT2,MGI:1858493
8705,B3GALT4,B3GALT4,B3GALT4,MGI:1859517
8706,B3GALNT1,B3GALNT1,B3GALNT1,MGI:1349405
8714,ABCC3,ABCC3,ABCC3,MGI:1923658
873,CBR1,CBR1,CBR1;GM5678,MGI:88284;MGI:3646098
8733,GPAA1,GPAA1,GPAA1,MGI:1202392
874,CBR3,CBR3,CBR3,MGI:1309992
875,CBS,CBS,CBS,MGI:88285
8760,CDS2,CDS2,CDS2,MGI:1332236
8776,MTMR1,MTMR1,MTMR1,MGI:1858271
8781,NA,NA,NA,NA
8789,FBP2,FBP2,FBP2,MGI:95491
8790,FPGT,FPGT,FPGT,MGI:1922790
8801,SUCLG2,SUCLG2,SUCLG2,MGI:1306824
8802,SUCLG1,SUCLG1,SUCLG1,MGI:1927234
8803,SUCLA2,SUCLA2,SUCLA2,MGI:1306775
8813,DPM1,GM20716,GM20716;DPM1,MGI:5313163;MGI:1330239
8818,DPM2,DPM2,DPM2,MGI:1330238
8821,INPP4B,INPP4B,INPP4B,MGI:2158925
8824,CES2,CES2A,CES2A;CES2B;CES2C;CES2E;CES2F;CES2G;CES2H,MGI:2142491;MGI:2448547;MGI:2385905;MGI:2443170;MGI:1919153;MGI:1919611;MGI:3648740
883,KYAT1,KYAT1,KYAT1,MGI:1917516
8833,GMPS,GMPS,GMPS,MGI:2448526
8836,GGH,GGH,GGH,MGI:1329035
8854,ALDH1A2,ALDH1A2,ALDH1A2,MGI:107928
8867,SYNJ1,SYNJ1,SYNJ1,MGI:1354961
8869,ST3GAL5,ST3GAL5,ST3GAL5,MGI:1339963
8871,SYNJ2,SYNJ2,SYNJ2,MGI:1201671
8875,NA,NA,NA,NA
8876,VNN1,VNN1,VNN1,MGI:108395
8877,SPHK1,SPHK1,SPHK1,MGI:1316649
8879,SGPL1,SGPL1,SGPL1,MGI:1261415
8884,SLC5A6,SLC5A6,SLC5A6,MGI:2660847
8897,MTMR3,MTMR3,MTMR3,MGI:1921552
8898,MTMR2,MTMR2,MTMR2,MGI:1924366
8908,NA,NA,NA,NA
8942,KYNU,KYNU,KYNU,MGI:1918039
8972,MGAM,MGAM,MGAM,MGI:1203495
8974,P4HA2,P4HA2,P4HA2,MGI:894286
8985,PLOD3,PLOD3,PLOD3,MGI:1347008
89869,PLCZ1,PLCZ1,PLCZ1,MGI:2150308
89874,SLC25A21,SLC25A21,SLC25A21,MGI:2445059
8992,ATP6V0E1,ATP6V0E,ATP6V0E,MGI:1328318
9016,SLC25A14,SLC25A14,SLC25A14,MGI:1330823
90161,HS6ST2,HS6ST2,HS6ST2,MGI:1354959
9023,CH25H,CH25H,CH25H,MGI:1333869
90423,ATP6V1E2,ATP6V1E2,ATP6V1E2,MGI:1922165
9045,RPL14,RPL14,RPL14,MGI:1914365
9056,SLC7A7,SLC7A7,SLC7A7,MGI:1337120
9057,SLC7A6,SLC7A6,SLC7A6,MGI:2142598
9058,SLC13A2,SLC13A2,SLC13A2,MGI:1276558
9060,PAPSS2,PAPSS2,PAPSS2,MGI:1330223
9061,PAPSS1,PAPSS1,PAPSS1,MGI:1330587
90701,SEC11C,SEC11C,SEC11C,MGI:1913536
9091,PIGQ,PIGQ,PIGQ,MGI:1333114
9114,ATP6V0D1,ATP6V0D1,ATP6V0D1,MGI:1201778
91227,GGTLC2,GGT1,GGT1,MGI:95706
9123,SLC16A3,SLC16A3,SLC16A3,MGI:1933438
91373,UAP1L1,UAP1L1,UAP1L1,MGI:2443318
9152,SLC6A5,SLC6A5,SLC6A5,MGI:105090
9153,SLC28A2,SLC28A2,SLC28A2;GM14085,MGI:1913105;MGI:3702173
9154,SLC28A1,SLC28A1,SLC28A1,MGI:3605073
9162,DGKI,DGKI,DGKI,MGI:2443430
9167,COX7A2L,COX7A2L,COX7A2L,MGI:106015
91703,ACY3,ACY3,ACY3,MGI:1918920
91734,IDI2,GM9745,GM9745;IDI2,MGI:3704398;MGI:2444315
9187,SLC24A1,SLC24A1,SLC24A1,MGI:2384871
9194,SLC16A7,SLC16A7,SLC16A7,MGI:1330284
9197,SLC33A1,SLC33A1,SLC33A1,MGI:1332247
92086,GGTLC1,GGT1,GGT1,MGI:95706
9227,LRAT,LRAT,LRAT,MGI:1891259
9245,GCNT3,GCNT3,GCNT3,MGI:1919327
92483,LDHAL6B,LDHAL6B,LDHAL6B,MGI:2146830
92579,G6PC3,G6PC3,G6PC3,MGI:1915651
92745,SLC38A5,SLC38A5,SLC38A5,MGI:2148066
9296,ATP6V1F,ATP6V1F,ATP6V1F,MGI:1913394
93010,B3GNT7,B3GNT7,B3GNT7,MGI:2384394
93034,NT5C1B,NT5C1B,NT5C1B,MGI:1918131
93100,NAPRT,NAPRT,NAPRT,MGI:2442664
93183,PIGM,PIGM,PIGM,MGI:1914806
9331,B4GALT6,B4GALT6,B4GALT6,MGI:1928380
9334,B4GALT5,B4GALT5,B4GALT5,MGI:1927169
9348,NDST3,NDST3,NDST3,MGI:1932544
93492,TPTE2,TPTE,TPTE,MGI:2446460
9365,KL,KL,KL,MGI:1101771
9374,PPT2,PPT2,PPT2,MGI:1860075
9377,COX5A,COX5A,COX5A,MGI:88474
9380,GRHPR,GRHPR,GRHPR,MGI:1923488
9388,LIPG,LIPG,LIPG,MGI:1341803
9390,SLC22A13,SLC22A13B-PS,SLC22A13B-PS;SLC22A13,MGI:1924762;MGI:2143107
9394,HS6ST1,HS6ST1,HS6ST1,MGI:1354958
93979,CPA5,CPA5,CPA5,MGI:1921899
94005,PIGS,PIGS,PIGS,MGI:2687325
94033,FTMT,FTMT,FTMT,MGI:1914884
9415,FADS2,FADS2,FADS2,MGI:1930079
9420,CYP7B1,CYP7B1,CYP7B1,MGI:104978
9435,CHST2,CHST2,CHST2,MGI:1891160
9453,GGPS1,GGPS1,GGPS1,MGI:1341724
9468,PCYT1B,PCYT1B,PCYT1B,MGI:2147987
9469,CHST3,CHST3,CHST3,MGI:1858224
948,CD36,CD36,CD36,MGI:107899
9481,SLC25A27,SLC25A27,SLC25A27,MGI:1921261
9487,PIGL,PIGL,PIGL,MGI:2681271
9488,PIGB,PIGB,PIGB,MGI:1891825
9489,PGS1,PGS1,PGS1,MGI:1921701
949,SCARB1,SCARB1,SCARB1,MGI:893578
9497,SLC4A7,SLC4A7,SLC4A7,MGI:2443878
9498,SLC4A8,SLC4A8,SLC4A8,MGI:1928745
95,ACY1,ACY1,ACY1,MGI:87913
9514,GAL3ST1,GAL3ST1,GAL3ST1,MGI:1858277
9517,SPTLC2,SPTLC2,SPTLC2,MGI:108074
952,CD38,CD38,CD38,MGI:107474
953,ENTPD1,ENTPD1,ENTPD1,MGI:102805
9536,PTGES,PTGES,PTGES,MGI:1927593
954,ENTPD2,ENTPD2,ENTPD2,MGI:1096863
955,ENTPD6,ENTPD6,ENTPD6,MGI:1202295
9550,ATP6V1G1,ATP6V1G1,ATP6V1G1,MGI:1913540
9551,ATP5J2,ATP5J2,ATP5J2,MGI:1927558
956,ENTPD3,ENTPD3,ENTPD3,MGI:1321386
9563,H6PD,H6PD,H6PD,MGI:2140356
957,ENTPD5,ENTPD5,ENTPD5,MGI:1321385
9583,ENTPD4,ENTPD4,ENTPD4;GM21685,MGI:1914714;MGI:5435040
9588,PRDX6,PRDX6,PRDX6;PRDX6B,MGI:894320;MGI:1336888
9615,GDA,GDA,GDA,MGI:95678
9651,PLCH2,PLCH2,PLCH2,MGI:2443078
9653,HS2ST1,HS2ST1,HS2ST1,MGI:1346049
97,ACYP1,ACYP1,ACYP1,MGI:1913454
978,CDA,CDA,CDA,MGI:1919519
9789,SPCS2,SPCS2,SPCS2,MGI:1913874
9791,PTDSS1,PTDSS1,PTDSS1,MGI:1276575
98,ACYP2,ACYP2,ACYP2,MGI:1922822
9807,IP6K1,IP6K1,IP6K1,MGI:1351633
9843,HEPH,HEPH,HEPH,MGI:1332240
9869,SETDB1,SETDB1,SETDB1,MGI:1934229
9942,XYLB,XYLB,XYLB,MGI:2142985
9945,GFPT2,GFPT2,GFPT2,MGI:1338883
9951,HS3ST4,HS3ST4,HS3ST4,MGI:1333792
9953,HS3ST3B1,HS3ST3B1,HS3ST3B1;HS3ST3A1,MGI:1333853;MGI:1333861
9955,NA,NA,NA,NA
9956,HS3ST2,HS3ST2,HS3ST2,MGI:1333802
9957,HS3ST1,HS3ST1,HS3ST1,MGI:1201606
9962,SLC23A2,SLC23A2,SLC23A2,MGI:1859682
9963,SLC23A1,SLC23A1,SLC23A1,MGI:1341903
9990,SLC12A6,SLC12A6,SLC12A6;GM21985,MGI:2135960;MGI:5439454
AI971036,NA,NA,NA,NA
